id,Time,Combined_Prediction,Combined_Insight,price_change,volatility,statement_price_movement
1254.0,2024-01-31 18:30:00,Negative,"Initial statements focused on maintaining high interest rates and the need for continued vigilance on inflation, causing concern among investors about prolonged high rates. | Reiterating that the Federal Reserve will only consider rate cuts when inflation is reliably under control led to increased uncertainty and worry over economic growth prospects.",0.0,0.0004719576285104,Negative
1255.0,2024-01-31 18:31:00,Negative,"Early remarks indicated a cautious approach to potential rate cuts, suggesting economic conditions are still fragile, leading to investor anxiety. | Continued emphasis on the Fed's inflation targets and the need for confirmation before any rate adjustments triggered fear of monetary policy tightening.",0.0,0.0,Negative
1256.0,2024-01-31 18:32:00,Negative,Acknowledgment of high inflation levels with no immediate action signal led to negative sentiment among investors worrying about future rate hikes. | Fed's strong commitment to monitoring inflation closely without clear guidance on easing interest rates caused further worry in the markets.,-0.0004104854401437,0.0,Negative
1257.0,2024-01-31 18:33:00,Negative,"The Fed's decision to keep rates high amidst potential cuts later raised concerns about economic slowdown, impacting market confidence. | Statements focusing on the need for substantial economic improvement before considering rate cuts created a negative outlook.",0.0,0.0,Negative
1258.0,2024-01-31 18:34:00,Negative,"Initial communication on keeping high rates raised doubts about the economy's resilience, leading to a negative market reaction. | Continued focus on inflation control and slow progress toward cuts confirmed negative sentiment among investors.",0.0,0.0,Negative
1259.0,2024-01-31 18:35:00,Negative,Indications that rate cuts are not imminent due to current economic conditions triggered investor fears of tightening policy. | Explicit mention of sustained high rates while inflation still above target led to concerns about economic growth and profitability.,0.0,0.0005954458657577,Negative
1260.0,2024-01-31 18:36:00,Negative,Conversation around the continuation of high interest rates caused investor concern regarding future economic slowdowns. | Fed’s cautious stance on anticipated economic conditions without immediate action created a negative market view.,0.0,0.0,Negative
1261.0,2024-01-31 18:37:00,Negative,"Initial statements indicated a delay in any rate cuts, causing immediate investor unease. | The lack of definitive guidance on shifts in monetary policy despite promising economic indicators stoked fears of prolonged high rates.",0.0009545788937409,0.0,Negative
1262.0,2024-01-31 18:38:00,Negative,Fed officials' caution and uncertainty surrounding future rate cuts led to broad market negativity. | Continued emphasis on inflation and economic checks without clear path to rate reductions maintained a negative market outlook.,0.0,0.0,Negative
1263.0,2024-01-31 18:39:00,Negative,"Opening remarks highlighted the Fed's hesitance to lower rates soon, invoking fear about immediate economic stability. | Focus on inflation risks alongside a cautious approach to monetary policy raised significant concerns for market participants.",0.0,0.0,Negative
1264.0,2024-01-31 18:40:00,Negative,"The Fed's decision to maintain the federal funds rate at 5-1/4 to 5-1/2 percent indicates continued restrictive monetary policy, which may unsettle markets looking for rate cuts amid easing inflation. | Chair Powell's cautious tone about future rate cuts suggests uncertainty that may negatively impact investor sentiment, leading to selling pressure.",0.0,0.0006364980289093,Negative
1265.0,2024-01-31 18:41:00,Negative,"While the Fed held rates steady, hints at future cuts were overshadowed by continued inflation risks, causing uncertainty among investors. | Further remarks on the Fed's wait-and-see approach regarding inflation targets likely lead markets to feel cautious rather than optimistic.",0.0,0.0,Negative
1266.0,2024-01-31 18:42:00,Negative,"Maintaining high rates amid steadiness in growth signals a firm approach against inflation, which may concern investors looking for responsive policy adjustments. | Powell's remarks about needing more confirmation on inflation moving towards target imply that the Fed is still not ready to pivot, causing uncertainty.",-3.1126893647600066e-05,0.0,Negative
1267.0,2024-01-31 18:43:00,Negative,"The statement holding interest rates steady demonstrates the Fed's commitment to balancing inflation control which could drive cautious market behavior. | Concerns expressed by Powell regarding future economic moderation may heighten anxiety about market stability, reflecting a negative sentiment.",0.0,0.0,Negative
1268.0,2024-01-31 18:44:00,Negative,"The Fed's firm stance on retaining high interest rates amid uncertainty could lead markets to lower expectations for growth. | Market reaction may further reflect unease as Powell indicates further data is required for future rate cuts, leaving investors uncertain.",0.0,0.0,Negative
1269.0,2024-01-31 18:45:00,Negative,"The Fed maintaining current rates sends a clear message of vigilance on inflation, which may lead market traders to reevaluate positions. | If Powell communicates a lack of urgency for rate cuts, it may contribute to a bearish sentiment among traders fearing prolonged high rates.",0.0,0.0006258400106699,Negative
1270.0,2024-01-31 18:46:00,Negative,"Retaining rates at current levels likely reflects inflation vigilance, prompting a retraction in market optimism regarding cuts. | Cautious comments from Powell regarding the need for more evidence before cutting rates may result in an overall negative market reaction.",0.0,0.0,Negative
1271.0,2024-01-31 18:47:00,Negative,High interest rates without immediate cuts create anxiety in the market since they could signal economic hurdles ahead. | Further insights from Powell on waiting for sustainable inflation adjustments may heighten investor concerns about prolonged tight policies.,-0.0011897184558311,0.0,Negative
1272.0,2024-01-31 18:48:00,Negative,The determination to keep interest rates steady heightens fears of reduced liquidity and potential challenges ahead for economic growth. | Continued emphasis on inflation monitoring from Powell may deter action-oriented sentiment among investors as uncertainty reigns.,0.0,0.0,Negative
1273.0,2024-01-31 18:49:00,Negative,"The Fed’s decision to not decrease interest rates reflects ongoing concern about inflation, which may produce cautious trading behavior. | Powell's signaling of a need for further confirmation on inflation movement could reinforce negative market sentiment as traders recalibrate expectations.",0.0,0.0,Negative
1274.0,2024-01-31 18:50:00,Negative,"The Federal Reserve opted to maintain a higher federal funds rate amid concerns about inflation, indicating a measured approach toward rate cuts despite improving consumer confidence. This signals ongoing strict monetary policy, which is often perceived negatively by the markets.",0.0,0.0006977078245879,Negative
1275.0,2024-01-31 18:51:00,Negative,"The Fed announced that it would retain current interest rates, reflecting its cautious strategy to combat inflation. This decision generally dampens market sentiment and prospects for economic expansion. | Positive remarks from Fed officials on economic growth were tempered by warnings about inflation risks, causing traders to react negatively due to fear of prolonged high rates.",0.0,0.0,Negative
1276.0,2024-01-31 18:52:00,Negative,"The Fed's decision to keep rates steady amid robust economic indicators raised concerns of tighter monetary policy lasting longer than typically expected, leading to negative trader sentiment.",0.000820377831557,0.0,Negative
1277.0,2024-01-31 18:53:00,Negative,"The Fed's decision to maintain current interest rates reflects ongoing concerns regarding inflation persistence, which broadly unsettles investors anticipating cuts. | Even as Powell spoke to a positive economic outlook, underlying worries about potential inflation spikes received focus, causing further market apprehension.",0.0,0.0,Negative
1278.0,2024-01-31 18:54:00,Negative,"Acknowledgment of sustained higher interest rates created an atmosphere of caution and anxiety about future economic sluggishness, which negatively impacts markets.",0.0,0.0,Negative
1279.0,2024-01-31 18:55:00,Negative,"The directive to maintain higher rates came alongside cautious assessments of inflation trends, causing equities to react negatively due to the fear of prolonged economic pressure. | Investors grew increasingly concerned as Powell indicated that the Fed would observe longer-term trends before instigating rate cuts, prompting a bearish sentiment.",0.0,0.0005130204592559,Negative
1280.0,2024-01-31 18:56:00,Negative,"The Fed's stance on holding rates, paired with slowing overall economic growth, incited anxiety in the markets reflective of a decrease in investor confidence.",0.0,0.0,Negative
1281.0,2024-01-31 18:57:00,Negative,"Market response was negative as the Fed's continued commitment to current rate levels emphasized a tightly controlled monetary environment, heightening fears of stagnation.",-0.0023388314647018,0.0,Negative
1282.0,2024-01-31 18:58:00,Negative,"Investor confidence was shaken by the Fed's announcement to maintain rates, fostering fears of an extended period without cuts as inflation remains uncertain.",0.0,0.0,Negative
1283.0,2024-01-31 18:59:00,Negative,The recommendation to refrain from rate changes amidst strong economic indicators prompted apprehension regarding potential stagnation and risk of inflation control efforts.,0.0,0.0,Negative
1284.0,2024-01-31 19:00:00,Negative,"Despite holding rates steady, the Fed signaled that they are not ready to cut rates, which may indicate economic caution. This suggests a risk-averse sentiment that can lead to market disappointment. | Chair Powell's press conference communicated that while the Fed acknowledges moderating inflation, they emphasized the need to be cautious, implying that substantial progress is still required before considering rate cuts.",0.0,0.0045095132196688,Negative
1285.0,2024-01-31 19:01:00,Negative,"While maintaining rates, Powell's remarks suggested a delay in potential cuts, which may heighten concerns about the economy's trajectory, leading to market pessimism. | Powell detailed the Fed’s cautious stance regarding inflation, which might not resonate well with market expectations for a more aggressive approach to rate cuts.",0.0,0.0,Negative
1286.0,2024-01-31 19:02:00,Negative,"The Fed's decision to maintain high rates without imminent cuts signals sustained inflation concerns, causing investor anxiety. | Powell’s emphasis on the need for further economic data before cutting rates fuels market concerns about continued economic constraints.",0.0018868857316354,0.0,Negative
1287.0,2024-01-31 19:03:00,Negative,"The Fed's decision to maintain rates implies a focus on inflation risks, potentially heightening market fears about prolonged economic stress. | Powell's statements regarding inflation exceeding target levels maintain a tone of caution, leading to negative market sentiments.",0.0,0.0,Negative
1288.0,2024-01-31 19:04:00,Negative,"The Fed's cautious outlook on interest rates without a clear path to cuts suggests continued economic pressure, leading to market decline. | Investor disappointment due to Powell's commitment to keeping rates high until more substantial progress on inflation occurs, indicating potential market downturn.",0.0,0.0,Negative
1289.0,2024-01-31 19:05:00,Negative,"The Fed’s message of holding rates steady suggests concern over sustaining high inflation, causing market jitters. | Acknowledging economic resilience while stressing the need for careful monitoring before cuts may lead to market unease about future policy moves.",0.0,0.0020781465401946,Negative
1290.0,2024-01-31 19:06:00,Negative,"Indications of holding interest rates high without imminent cuts create investor uncertainty regarding the economic outlook. | Powell's comments on the status of inflation and potential delays in cuts suggest ongoing economic challenges, heightening market negativity.",0.0,0.0,Negative
1291.0,2024-01-31 19:07:00,Negative,"Signals of maintaining rates indicate economic caution, leading to decreased market confidence as investors speculate on future cuts. | Powell's cautious tone regarding dovish policies amid ongoing inflation concerns may further dampen market enthusiasm.",0.000411204924883,0.0,Negative
1292.0,2024-01-31 19:08:00,Negative,"Market concerns rise as the Fed holds rates steady, indicating ongoing inflation challenges, leading to reduced investor optimism. | The cautious nature of Powell's remarks regarding inflation targets suggests a reluctance to make immediate changes in policy, contributing to market retreat.",0.0,0.0,Negative
1293.0,2024-01-31 19:09:00,Negative,"The Fed's decision to keep rates unchanged implies inflation concerns persist, leading to hesitance in market responses. | While signaling some economic recovery, Powell's caution regarding future rate cuts indicates ongoing hurdles that could concern investors.",0.0,0.0,Negative
1294.0,2024-01-31 19:10:00,Negative,"Powell's cautious tone regarding the timing of rate cuts created uncertainty in the markets, as he emphasized the need for continued progress on inflation without committing to any specific adjustments.",0.0,0.0016422914738249,Negative
1295.0,2024-01-31 19:11:00,Positive,"The mention of six good months of moderating inflation and acknowledgment of a strong economy gave investors hope for a potential easing of rates, boosting confidence in market stability.",0.0,0.0,Negative
1296.0,2024-01-31 19:12:00,Negative,"Despite the healthy economic indicators, Powell's emphasis on needing more good data before making cuts led to concerns about slow policy shifts, creating downward pressure on markets.",-0.0011204976880409,0.0,Negative
1297.0,2024-01-31 19:13:00,Negative,"Statements from Powell indicating a cautious approach to cutting rates kept investor sentiment muted, as concerns about inflation persistence remained high, affecting market confidence.",0.0,0.0,Negative
1298.0,2024-01-31 19:14:00,Positive,"Increased consumer confidence signals and strong economic growth combined with interest rate discussions were perceived favorably, leading to a mild uptick in market sentiment.",0.0,0.0,Negative
1299.0,2024-01-31 19:15:00,Negative,"Concerns regarding potential over-tightening and inflation led to a negative reaction as Powell indicated a more measured, less aggressive approach to rate cuts.",0.0,0.0014407145944388,Negative
1300.0,2024-01-31 19:16:00,Negative,"Emphasis on the sustained need for high rates to ensure inflation control resulted in market apprehension, as participants feared prolonged monetary tightening.",0.0,0.0,Negative
1301.0,2024-01-31 19:17:00,Negative,"The mixed signals regarding rate cuts due to prevailing inflation kept investors cautious, resulting in negative market movement despite hints of potential cuts.",0.0010177198445279,0.0,Negative
1302.0,2024-01-31 19:18:00,Negative,Market reaction turned negative as Powell's commitment to maintain restrictive policies pointed to uncertainty about imminent rate cuts despite optimistic sentiment.,0.0,0.0,Negative
1303.0,2024-01-31 19:19:00,Negative,"The emphasis on continuing high rates until inflation is confidently on target created a bearish outlook among investors, leading to a general sell-off.",0.0,0.0,Negative
1304.0,2024-03-20 18:30:00,Negative,"The tone remains cautious about inflation, with emphasis on maintaining rates, indicating uncertainty that may lead to market unease.",0.0,0.0038950468955894,Negative
1305.0,2024-03-20 18:31:00,Positive,"Market optimism due to indications of a robust economy and potential for future rate cuts, which could spur growth. | Subsequent updates indicate persistent inflationary pressures leading to concerns over stability and future rate trajectories.",0.0,0.0,Negative
1306.0,2024-03-20 18:32:00,Positive,Comments regarding economic growth projections lead to positive market adjustments as investors digest the implications.,0.0060073409381881,0.0,Negative
1307.0,2024-03-20 18:33:00,Negative,"Initial reactions reflect caution over unchanged rates amidst elevated inflation, causing market jitters. | Follow-up explanations provided by Chair Powell about manageable inflation risks lead to a rebound in positive sentiment.",0.0,0.0,Negative
1308.0,2024-03-20 18:34:00,Negative,"Heightened concerns arise from inflation narrative changes, impacting market expectations regarding future rate paths.",0.0,0.0,Negative
1309.0,2024-03-20 18:35:00,Positive,"Expectations of growth and rate cuts buoy the market, reflecting confidence in economic recovery. | Concerns prompted by persistent inflation data prompt a reassessment, leading to market pullback.",0.0,0.0042070569988369,Negative
1310.0,2024-03-20 18:36:00,Negative,"Market reacts poorly to the ongoing rate status despite strong economic data, as concerns about inflation persist.",0.0,0.0,Negative
1311.0,2024-03-20 18:37:00,Positive,Market optimism due to strong labor data prompts positive sentiment as traders bank on efficiency of rate strategy.,-0.00221133753418,0.0,Negative
1312.0,2024-03-20 18:38:00,Negative,Market confusion as steady rates against high inflation lead to skepticism and hesitation among traders.,0.0,0.0,Negative
1313.0,2024-03-20 18:39:00,Positive,Positive expectation from comments on healthy job market and economic growth stimulates market confidence. | Follow-up discussions on inflation temper initial optimism as traders process potential negative economic implications.,0.0,0.0,Negative
1314.0,2024-03-20 18:40:00,Negative,"The Fed's decision to maintain rates at a high level indicates a cautious stance despite some positive economic indicators, which may signal to the market a continued period of high rates. | If Powell emphasizes confidence in controlling inflation moving towards the target, the market may respond positively as investors take cues of potential rate cuts in the near future.",0.0,0.0026491346804602,Negative
1315.0,2024-03-20 18:41:00,Negative,"The Fed's forward guidance indicating a prolonged high rate environment clashes with market expectations of rate cuts, leading to immediate pessimism. | Uncertainty around inflation and shadowing signs of a weakening economy during Powell's delivery could further dampen market outlook. | Investor optimism may return if Powell clarifies that rate cuts could begin if inflation recedes more persistently, hence validating market expectations of easing policies.",0.0,0.0,Negative
1316.0,2024-03-20 18:42:00,Negative,"Any remarks indicating a delay in rate cuts or persistent inflation concerns could elicit negative reactions from investors worried about economic stagnation. | If clarity on economic strength and potential for cuts is elaborated during the QA, there could be an upside shift in sentiment, returning confidence in the market.",0.0016680574469177,0.0,Negative
1317.0,2024-03-20 18:43:00,Negative,"The Fed's cautious stance amidst strong labor indicators may cause immediate market retreat as participants digest the implications of sustained rates. | A clear articulation by Powell that the Fed is open to adjusting rates could encourage positive market reception, suggesting readiness to pivot policies.",0.0,0.0,Negative
1318.0,2024-03-20 18:44:00,Negative,"Concern over inflation not decelerating quickly enough to prompt cuts could lead investors to react negatively to the Fed's tone. | If Powell highlights confidence in the economic outlook or signals potential easing if inflation trends downwards, markets could respond positively.",0.0,0.0,Negative
1319.0,2024-03-20 18:45:00,Negative,"The Fed's continued high rates amidst fluctuating economic indicators could create immediate pressure in the market as investors anticipate slow growth. | Powell's references to ongoing inflation pressures may cause the market to respond negatively as concerns about persistent high rates mount. | Significant responses from Powell reinforcing the possibility of cuts could invigorate market confidence, overriding prior cautious sentiments.",0.0,0.0026245706125284,Negative
1320.0,2024-03-20 18:46:00,Negative,"Investors react negatively to sustained high rates suggesting concerns over continued inflation and its impact on growth trajectories. | As Powell's remarks on potential flexibility regarding rates bolster market confidence, investors may refresh their optimism for upcoming rate adjustments.",0.0,0.0,Negative
1321.0,2024-03-20 18:47:00,Negative,"Investors absorb persistent references to inflation which could lead to fears of extended high rates, prompting a negative outlook. | Should Powell provide insights into potential easing on the horizon, this could lead to an energized market response, restoring confidence.",-0.0030134083151832,0.0,Negative
1322.0,2024-03-20 18:48:00,Negative,The Fed's continued high rates with no cut possibilities indicated may lead the market into a cautious retreat. | Clarity regarding future potential rate cuts mixed with ongoing economic strength could help inspire positive investor sentiment.,0.0,0.0,Negative
1323.0,2024-03-20 18:49:00,Negative,"Fears about inflation not receding and uncertainty about the borrowing landscape could weigh negatively on market outlooks. | As Powell signals readiness to engage in cuts if inflation stabilizes, optimistic trends could emerge, lifting market responses.",0.0,0.0,Negative
1324.0,2024-03-20 18:50:00,Negative,"Despite the Fed maintaining rates, the tone suggests uncertainty regarding inflation control, leading to investor apprehension. | Chair Powell's comments on inflation pressure and the wait-and-see approach may lead to concerns about future economic stability.",0.0,0.0018319609695893,Negative
1325.0,2024-03-20 18:51:00,Negative,"Analysts perceive the Fed's stance as cautious with high inflation forecasts that may dampen market optimism. | The emphasis on persistent inflation issues suggests challenges for future economic growth, influencing sell-offs in markets.",0.0,0.0,Negative
1326.0,2024-03-20 18:52:00,Negative,Assurances of continued high rates amid inflation uncertainties create a bearish outlook among investors. | Chair Powell's acknowledgment of ongoing risks contributes to market fears of a potential recession.,2.36068844456e-05,0.0,Negative
1327.0,2024-03-20 18:53:00,Negative,"Fed's commitment to monitor inflation without decisive actions signals potential instability, causing market decline. | Discussions around inflation expectations lead to doubts about recovery effectively, impacting market confidence.",0.0,0.0,Negative
1328.0,2024-03-20 18:54:00,Negative,"The statement's focus on high inflation casts doubt over market resilience, triggering immediate selloffs. | The tone regarding inflation risks suggests a longer wait for cuts and potential economic weakness, unsettling investors.",0.0,0.0,Negative
1329.0,2024-03-20 18:55:00,Negative,"The Fed's uncertainty about inflation control heightens fears, prompting a negative market reaction. | Chair Powell's cautious outlook on future inflation creates concern regarding economic outlook, impacting market volatility.",0.0,0.001580783837449,Negative
1330.0,2024-03-20 18:56:00,Negative,"The Fed's decision to keep rates unchanged amid persistent inflation risks is perceived as negative, weakening market sentiment. | Statements indicating ongoing inflation challenges detract from market confidence, resulting in negative movement.",0.0,0.0,Negative
1331.0,2024-03-20 18:57:00,Negative,"Retention of high rates amid inflation concerns suggests economic instability, leading to a cautious market response. | Comments on inflation timing and risks further unsettle investors, contributing to a bearish sentiment in the markets.",0.0011559313375372,0.0,Negative
1332.0,2024-03-20 18:58:00,Negative,"The combination of high rates and inflation uncertainty leads to discontent, impacting investor confidence negatively. | Discussion of persistent inflation issues creates worries about future economic health, which exacerbates market reactions.",0.0,0.0,Negative
1333.0,2024-03-20 18:59:00,Negative,"The Fed's commitment to high rates without visible urgency indicates long-term risks, causing a negative market reaction. | Continued caution on inflation management implies a slow recovery, contributing to bearish market perspective.",0.0,0.0,Negative
1334.0,2024-03-20 19:00:00,Negative,"The Fed maintained rates without any signs of immediate cuts, which was already anticipated. However, statements about continued inflation risk kept a cautious market tone. | The overall lack of decisive signals on rate cuts caused the market to shift to a more bearish sentiment, reflecting traders' disappointment.",0.0,0.0014455323413769,Negative
1335.0,2024-03-20 19:01:00,Negative,"Similar to the previous reaction, the maintenance of the rate without impactful changes led to an initial negative market sentiment, particularly with inflation discussions. | Continued concerns about inflation and lack of clear-cut easing led to a pessimistic outlook.",0.0,0.0,Negative
1336.0,2024-03-20 19:02:00,Negative,"The Fed’s commitment to high rates without a decisive cut plan sent a clear signal to the market, reinforcing negative sentiment. | Concerns about the Fed's ability to manage inflation effectively intensified as Powell reiterated necessity of slow data review. | As the market adjusted to the Fed statements, a consensus began to form around potential prolonged high rates, further dampening confidence.",0.0003270208465561,0.0,Negative
1337.0,2024-03-20 19:03:00,Negative,"The Fed’s decision to hold rates did not surprise the market but reinforced fears of ongoing inflation risks. | Responses about the duration of high rates and inflation targets shifted investor tone back to caution due to Powell's lack of reassurance. | The market continued to react to the lack of favorable monetary policy signals, with investors bearish on future economic conditions.",0.0,0.0,Negative
1338.0,2024-03-20 19:04:00,Negative,Maintained high rates without definitive signals of easing caused immediate concern among investors. | Investors reacted negatively to Powell's emphasis on inflation persistence without a clear plan for cuts. | A reassessment of the Fed's position led to a consensus of pessimism within the market regarding future monetary easing.,0.0,0.0,Negative
1339.0,2024-03-20 19:05:00,Negative,"The Fed's reluctance to cut rates immediately amidst enduring inflation suggests continued caution in monetary policy, unsettling investors. | Further elaboration on the uncertainties related to inflation could dissuade investors from taking bullish positions, leading to negative market movements.",0.0,0.0015021376574355,Negative
,Negative,No Insight,,,,
1340.0,2024-03-20 19:06:00,Negative,Consistency in rate maintenance but continued inflation concerns caused market unease. | Pressure at the conference regarding the handling of inflation and possible future cuts resulted in negative sentiment. | Post-conference evaluations showed a continued bearish outlook as uncertainty lingered around the Fed trajectory.,0.0,0.0,Negative
1341.0,2024-03-20 19:07:00,Negative,"The Fed's steadfast rate approach was seen negatively amid ongoing inflation concerns. | Investors received unflattering reiterations regarding rate cuts, amplifying existing worries. | Market declines followed due to outlying uncertainty and continued emphasis on inflation risks.",-0.0019922215409892,0.0,Negative
1342.0,2024-03-20 19:08:00,Negative,"Commands to keep rates at elevated levels provoked a negative market outlook as inflation worries loomed. | Reaffirmation of controlling inflation without clear future rate cuts, led to bearish sentiment in markets. | Prolonged uncertainty around monetary policy and inflation expectations further solidified a negative market reaction.",0.0,0.0,Negative
1343.0,2024-03-20 19:09:00,Negative,"Confirmation of sustained high rates sparked economic concern, causing a negative reaction from investors. | The perceived indecision regarding inflation rates and pressures led to heightened market pessimism. | The overarching tone reflected a consensus of wariness about future economic conditions, aligning with fears of economic downturn.",0.0,0.0,Negative
1344.0,2024-03-20 19:10:00,Negative,"During the press conference, Powell's emphasis on prevailing inflation risks and the lack of urgency for rate cuts led to concerns in the market, reflecting uncertainty about future monetary policy.",0.0,0.0022162266332626,Negative
1345.0,2024-03-20 19:11:00,Negative,"Investors reacted negatively to Powell's acknowledgment of persistent inflation pressures and the possibility of delays in rate cuts, which created uncertainty.",0.0,0.0,Negative
1346.0,2024-03-20 19:12:00,Negative,"Heightened concerns over inflation and a less aggressive stance on rate cuts expressed by Powell led to a shift in sentiment, causing a market decline.",0.0030419456387188,0.0,Negative
1347.0,2024-03-20 19:13:00,Positive,"The market reacted positively upon confirmation of unchanged rates as it aligned with investor expectations, indicating stability. | As Powell reiterated the sticky inflation concerns, market confidence diminished, leading to a negative turn in sentiment.",0.0,0.0,Negative
1348.0,2024-03-20 19:14:00,Positive,"The decision to maintain rates was consistent with market predictions, fostering initial optimism. | During the presser, Powell's cautious tone regarding inflation and slow recovery diminished investor optimism, resulting in a market decline.",0.0,0.0,Negative
1349.0,2024-03-20 19:15:00,Negative,"The emphasis on inflationary pressures and Powell’s guarded approach led to a more cautious market sentiment, prompting a downturn.",0.0,0.0022536839063855,Negative
1350.0,2024-03-20 19:16:00,Negative,"Powell's remarks on the uncertainty of future cuts due to inflation risks sparked concern, causing negative market reactions.",0.0,0.0,Negative
1351.0,2024-03-20 19:17:00,Positive,"The Fed held rates steady, reassuring investors, which initially buoyed market sentiment. | Increased caution regarding inflation and Powell's comments about the slow path to recovery shifted the mood negatively.",-0.0021471439466122,0.0,Negative
1352.0,2024-05-01 18:30:00,Negative,"Market sentiment soured as Powell discussed ongoing concerns about inflation pressures, triggering concerns about future economic stability.",0.0,0.0047311055216193,Negative
1353.0,2024-05-01 18:31:00,Positive,"The maintained interest rates aligned well with market expectations, leading to an immediate positive reaction. | Discussion of potential prolonged inflation problems shifted market sentiment negatively, countering earlier optimism.",0.0,0.0,Negative
1354.0,2024-05-01 18:32:00,Negative,"The initial announcement of maintaining the current interest rates indicates a cautious approach by the Fed. Given recent inflation data showing a lack of progress, markets reacted negatively as expectations for rate cuts were diminished. | During the Q&A, Chair Powell's comments about prolonged high rates and careful assessment of inflation led to increased market anxiety. Investors interpreted this as a signal that the Fed is not ready to pivot towards easing monetary policy.",0.0022260200492645,0.0,Negative
1355.0,2024-05-01 18:33:00,Negative,"The decision to hold rates steady, amidst rising inflation, suggests that the Fed is vigilant but not proactive. This cautious stance fueled concerns among investors leading to a negative reaction. | Powell's insistence on needing 'persuasive evidence' before making any cuts caused further unease, which translated into selling pressure in the markets as traders adjusted their expectations.",0.0,0.0,Negative
1356.0,2024-05-01 18:34:00,Negative,"The maintenance of interest rates at high levels, coupled with the statement about stalled inflation progress, triggered uncertainty and negative sentiment among investors. | Chair Powell’s comments indicating that inflation remains too high reinforced fears of sustained high rates, contributing to a continued negative market reaction.",0.0,0.0,Negative
1357.0,2024-05-01 18:35:00,Negative,"The Fed's decision to hold interest rates unchanged, paired with warnings on inflation, alarmed investors, resulting in a bearish market sentiment. | As Powell elaborated on the potential delays for rate cuts, market participants reacted negatively due to increased concerns about economic stability and persistent inflation.",0.0,0.006404373329077,Negative
1358.0,2024-05-01 18:36:00,Negative,"The Fed's decision not to change rates, combined with inflation risks, heightened investor anxiety, leading to a bearish reaction in the market. | During the press conference, Powell’s cautious tone on future rate adjustments and reiterating inflation concerns led to further negative sentiment.",0.0,0.0,Negative
1359.0,2024-05-01 18:37:00,Negative,"Announcing that rates will stay high despite economic resilience indicated a reluctance to ease, which was interpreted negatively by the market. | Powell's remarks about ongoing inflation pressures and no immediate plans for cuts further fueled market fears, contributing to a negative market sentiment.",0.0030897019650238,0.0,Negative
1360.0,2024-05-01 18:38:00,Negative,"The Fed maintaining high rates, despite a solid job market, indicated persistent inflation concerns, causing a risk-off sentiment among investors. | Powell’s emphasis on the need for evidence of inflation control resulted in heightened anxiety about future monetary policy, thereby negatively affecting market reactions.",0.0,0.0,Negative
1361.0,2024-05-01 18:39:00,Negative,"Holding rates steady without signs of easing despite resilient growth stoked concerns of slower economic momentum, triggering a negative market response. | Insights from Powell regarding sustained inflation and lack of immediate cuts contributed to fear and selling pressure in the market.",0.0,0.0,Negative
1362.0,2024-05-01 18:40:00,Negative,"The Fed’s decision not to cut rates even amidst robust economic performance raised alarms regarding future growth, leading to negative market sentiment. | Powell's emphasis on the need for further confidence before cutting rates suggested a longer hold on current rates, heightening market distress.",0.0,0.0060934460720098,Negative
1363.0,2024-05-01 18:41:00,Negative,"Maintaining the current rate amid rising inflation signals a cautious Fed stance which alarmed markets, resulting in a negative reaction. | More details on Powell's concerns regarding inflation managed to sustain and amplify the market's bearish reaction during the press conference.",0.0,0.0,Negative
1364.0,2024-05-01 18:42:00,Negative,"The message of persistent high inflation, despite some economic growth, suggests a cautious approach from the Fed. This might be interpreted as a signal against imminent rate cuts, leading to a negative reaction. | Powell’s acknowledgment of inflation risks and delay in potential rate cuts, coupled with uncertain economic outlook, reinforces market skepticism and results in a sustained negative reaction.",-0.006282605856171,0.0,Negative
1365.0,2024-05-01 18:43:00,Negative,"The focus on elevated inflation and the statement that no immediate cuts are expected likely causes investors to react negatively, anticipating continued tight monetary policy. | Comments indicating the need for data showing inflation control before cuts suggest prolonged high rates, heightening concerns about economic growth and resulting in further negative sentiment.",0.0,0.0,Negative
1366.0,2024-05-01 18:44:00,Negative,"The emphasis on inflation remaining above target without sufficient progress signals market participants that rate cuts are unlikely soon, leading to negative adjustments. | Powell's affirmations about inflation remaining a concern, raising doubts about immediate policy loosening, contribute to sustained market wariness.",0.0,0.0,Negative
1367.0,2024-05-01 18:45:00,Negative,"Statements focusing on high inflation and hesitance to adjust rates downward contribute to a negatively skewed market perception regarding future monetary policy, prompting sell-offs. | The continued emphasis on inflation risks and economic caution solidifies a negative outlook as investors digest the likelihood of prolonged high interest rates.",0.0,0.0037220352405464,Negative
1368.0,2024-05-01 18:46:00,Negative,"The strong focus on inflation and hesitance regarding rate cuts creates concerns about future monetary tightening, instigating a negative market response. | Powell’s reiteration of economic caution and inflation concerns sustain a negative atmosphere, with investors reacting poorly to uncertainties ahead.",0.0,0.0,Negative
1369.0,2024-05-01 18:47:00,No Prediction,No Insight,0.0024480604541589,0.0,Negative
1370.0,2024-05-01 18:48:00,Negative,"The balance of ongoing elevated inflation without progress signals a restrictive policy maintains implications consistent with negative market sentiment. | Further discussion about careful monitoring and adjustment relate to dampened expectations of forthcoming rate adjustments, leading to negative market activity.",0.0,0.0,Negative
1371.0,2024-05-01 18:49:00,Negative,"Immediate focus on inflation remaining sticky and a lack of progress in rates spurs a skeptical market response, anticipating uncertainty in Fed policy updates. | Continued emphasis on the economic outlook raises fears concerning inflation management, resulting in sustained negative market perception.",0.0,0.0,Negative
1372.0,2024-05-01 18:50:00,Negative,An overarching caution regarding inflation leads to investor uncertainty and a negative market reaction given the lack of pledges for imminent rate cuts. | The reemphasis on inflation risks alongside a non-committal stance on rate adjustments fosters an atmosphere of caution and pessimism in the market.,0.0,0.001797246854818,Negative
1373.0,2024-05-01 18:51:00,Negative,"Clear signals that inflation remains above expectations without resolution intensify market concerns, prompting immediate negative sentiment. | Powell's focus on the economic balancing act conveys uncertainty, solidifying the prevailing cautious market outlook and leading to negative reactions.",0.0,0.0,Negative
1374.0,2024-05-01 18:52:00,Negative,"The emphasis on persistent inflation being above target signals to the market that the Fed is likely to maintain its current policy stance, not easing rates anytime soon. | If Powell reiterates that rate cuts will depend on a significant drop in inflation, this reinforces market skepticism about near-term relief from high rates.",-0.0009882180103148,0.0,Negative
1375.0,2024-05-01 18:53:00,Negative,Mention of not reducing rates until inflation is confidently moved towards the target raises concerns about prolonged high rates. | The market interprets Powell's cautious tone and lack of commitment to rate cuts as a signal of sustained monetary tightness.,0.0,0.0,Negative
1376.0,2024-05-01 18:54:00,Negative,"The Fed's decision to hold rates and the warning on inflation suggests a continuing focus on fighting inflation over easing policy. | If Powell emphasizes that inflation control must precede any rate cuts, confidence in immediate economic easing diminishes.",0.0,0.0,Negative
1377.0,2024-05-01 18:55:00,Negative,"The continued high inflation narrative leads to negative sentiment, causing fear of extended tight monetary policy. | If market participants sense that there are no signals for imminent rate cuts or more aggressive easing, they may react negatively.",0.0,0.0022318783330041,Negative
1378.0,2024-05-01 18:56:00,Negative,Similar warnings about inflation and vague hints about future monetary policy tighten sentiment around the markets. | Further discussions about the economy keeping its strength bolster concerns regarding inflation and implicate slow easing.,0.0,0.0,Negative
1379.0,2024-05-01 18:57:00,Negative,"Indications of high inflation and the uncertainty surrounding rate cuts keep the market pessimistic about short-term adjustments. | If Powell downplays the likelihood of rate cuts, it reflects negatively on market sentiment.",-0.0017347360202187,0.0,Negative
1380.0,2024-05-01 18:58:00,Negative,The Fed's focus on inflation concerns despite a solid economy suggests prolonged rates and keeps the markets cautious. | Emphasis on the need for decisively lower inflation before cuts leads to negative responses from the market.,0.0,0.0,Negative
1381.0,2024-05-01 18:59:00,Negative,"Ongoing concerns of inflation and hints at sustained interest rates lead to a negative outlook in the market. | If Powell indicates a cautious approach to rate cuts, it would adversely affect sentiment.",0.0,0.0,Negative
1382.0,2024-05-01 19:00:00,Negative,"Reaffirmed inflation targets without commitment to easing signals market indecisiveness, causing negative reactions. | Powell's remarks about inflation complicating rate cuts lead to entrenched negative sentiment.",0.0,0.0029999802632877,Negative
1383.0,2024-05-01 19:01:00,Negative,"Significance placed on inflation management opens the door for a prolonged interest rate environment, leading to negative market implications. | Continued emphasis on restrictive measures instead of easing suggests ongoing negative sentiments.",0.0,0.0,Negative
1384.0,2024-05-01 19:02:00,Negative,"Despite solid job gains and low unemployment, the lack of progress toward the 2% inflation target indicates a cautious tone which may lead to a negative market reaction, as investors are likely to be wary of prolonged high interest rates. | During Powell's press conference, his cautious rhetoric regarding inflation and the necessity of maintaining current rates signals concern over economic momentum, leading to a negative market sentiment.",0.0024257847313467,0.0,Negative
1385.0,2024-05-01 19:03:00,Negative,"The announcement of maintaining rates along with indications of high inflation figures gives a hawkish signal, suggesting tightening conditions which negatively affects market confidence. | The press conference echoes concerns about stubborn inflation, dampening hopes for immediate rate cuts and suggesting sustained economic pressure, which typically results in negative sentiment.",0.0,0.0,Negative
1386.0,2024-05-01 19:04:00,Negative,"Holding rates steady amidst persistent inflation suggests that the Fed is taking a cautious approach, causing market uncertainty and likely a negative response. | As Powell discusses the economic outlook and ongoing inflation challenges, the tone remains cautious, reinforcing negative market responses due to fears of prolonged high interest rates.",0.0,0.0,Negative
1387.0,2024-05-01 19:05:00,Negative,"The Fed's decision to keep rates unchanged along with concerns about inflation stagnation indicate a hawkish outlook, which typically leads to market negativity. | During the Q&A, Powell's explanations regarding inflation rates being above target prompt further investor unease, continuing to drive a negative market reaction.",0.0,0.0028840645556367,Negative
1388.0,2024-05-01 19:06:00,Negative,"The decision to prolong high rates amidst mixed economic signals heightens uncertainty about future monetary policy, contributing to a bearish market response. | Powell's remarks about the economy needing to consistently show improvement before rate cuts lead to continued apprehension among investors, maintaining a negative sentiment.",0.0,0.0,Negative
1389.0,2024-05-01 19:07:00,Negative,"The press release indicates rates will remain at current levels due to persistence in inflation, leading to a market reaction based on fear of stagnant economic growth. | During the press conference, Powell's framing of inflation as a critical hurdle in decision-making evokes concerns about potential long-term economic impacts, reinforcing negative market sentiments.",-0.0012035531052487,0.0,Negative
1390.0,2024-05-01 19:08:00,Negative,"The repeated indication of maintaining high interest rates due to elevated inflation creates a cautious sentiment, leading to a negative market impact. | Powell’s insights on why inflation is stubborn prevent optimism in the market, culminating in a negative reaction from investors as they anticipate a prolonged period of high rates.",0.0,0.0,Negative
1391.0,2024-05-01 19:09:00,Negative,"The Fed's continued focus on inflation amidst low employment signals worries over economic stability, generating a negative market response. | As Powell details the uncertainty of reaching inflation targets, the sentiment shifts negatively as investors grapple with potential delays in rate cuts.",0.0,0.0,Negative
1392.0,2024-05-01 19:10:00,Negative,"The decision to maintain the current target range underlines concerns over inflation and results in uncertainty, triggering a negative market response. | With Powell expressing deeper concerns about inflation trends, expectations of future policy adjustments lead to a bearish market sentiment.",0.0,0.001954204500592,Negative
1393.0,2024-05-01 19:11:00,Negative,"Keeping rates steady while inflation remains high breeds skepticism regarding monetary policy effectiveness, resulting in market negativity. | During the press conference, Powell's emphasis on inflation persistence and market uncertainty reinforces a negative outlook among investors.",0.0,0.0,Negative
1394.0,2024-05-01 19:12:00,Negative,"The Fed maintained the target rate, signaling caution towards potential rate cuts, which suggests sustained inflationary pressures.",-0.0007492631120616,0.0,Negative
1395.0,2024-05-01 19:13:00,Negative,"Maintaining high rates coupled with sticky inflation suggests to the market that monetary easing is further away, which could stress economic performance and investor sentiment. | Powell's remarks about the ongoing challenges in achieving inflation targets, along with uncertainty in future policy actions, reaffirm concerns in the markets about sustained high borrowing costs.",0.0,0.0,Negative
1396.0,2024-05-01 19:14:00,Negative,"The decision to hold rates steady amidst elevated inflation signals ongoing caution, which weighs on market optimism. | Discussion around why cuts are not imminent, despite strong job growth and economic resilience, generates further anxiety in the market.",0.0,0.0,Negative
1397.0,2024-05-01 19:15:00,Negative,"Persisting inflation and outputs remaining above target lead to a cautious market, seeing no immediate easing of rates. | Powell's emphasis on needing more concrete evidence before altering policies induces a bearish tone for the markets.",0.0,0.0018745436966001,Negative
1398.0,2024-05-01 19:16:00,Negative,The announcement to leave rates unchanged despite high inflation leads to disappointment in market expectations for rate cuts. | Market participants realize the Fed's cautious tone about future economic projections signals continued pressure on growth prospects.,0.0,0.0,Negative
1399.0,2024-05-01 19:17:00,Negative,"The Fed's decision to keep rates at a high level suggests ongoing inflationary concerns, which dampens investor sentiment. | As there is a lack of clarity from Powell on when cuts may occur, this uncertainty translates into negative market reactions.",0.0009267796503657,0.0,Negative
1400.0,2024-05-01 19:18:00,Negative,Continuous high interest rates alongside unyielding inflation expectations create a bearish outlook for investors. | Powell's remarks that future cuts depend on inflation progress instills concern regarding the Fed's commitment to easing.,0.0,0.0,Negative
1401.0,2024-06-12 18:30:00,Negative,"Maintaining the rate due to high inflation indicates a tough stance that investors perceive negatively concerning asset performance. | Uncertainty surrounding the timeline for potential monetary easing adds to market anxiety, reflecting a bearish sentiment.",0.0,0.0018077845415975,Negative
1402.0,2024-06-12 18:31:00,Negative,"Maintaining high rates amidst inflation concerns and slow progress signals to markets that cuts may be distant. | Powell's insights on data dependency for future cuts indicate rigidity in monetary policy, leading to further market pessimism.",0.0,0.0,Negative
1403.0,2024-06-12 18:32:00,Negative,Reaffirmed high rates due to inflation concerns convey a lack of confidence among investors regarding a rate cut anytime soon. | Powell's comments on needing substantial evidence before rate changes lead to a bearish outlook for the market.,0.0009769427100751,0.0,Negative
1404.0,2024-06-12 18:33:00,Negative,"Despite solid economic expansion and sustained job gains, the Fed's emphasis on persistent inflation risks and their cautious stance on interest rate cuts indicated a reluctance to ease monetary policy, causing negative sentiment in the market. | As Powell elaborated on maintaining the current rates and warned of uncertainties in the economic outlook, the market perceived this as a signal that the Fed is not ready to reduce rates, leading to further negative sentiment.",0.0,0.0,Negative
1405.0,2024-06-12 18:34:00,Negative,"The Fed's decision to hold interest rates steady amid ongoing inflation concerns and lack of improvement towards its targets gave investors an impression of a cautious approach, leading to a negative market reaction. | Further elaboration by Powell on the lack of sufficient inflation control and a potential delay in rate cuts reinforced market fears of prolonged high rates, resulting in additional negative responses.",0.0,0.0,Negative
1406.0,2024-06-12 18:35:00,Negative,"The Fed's sustained high rates combined with persistent inflation pressures left investors worrying about economic overheating, resulting in a negative market sentiment. | Powell's discussion of the ongoing challenges in inflation normalization and reiteration of vigilant policy approach further dampened investor confidence, leading to a steep negative market response.",0.0,0.0024369080805657,Negative
1407.0,2024-06-12 18:36:00,Negative,"The Fed's announcement to keep interest rates at a high level due to insufficient progress on inflation underscored concerns over economic growth, resulting in a negative market reaction. | Further comments by Powell on the slow progress of inflation in relation to Fed's goals heightened market concerns about a protracted period before rate cuts, prompting deeper negative market reactions.",0.0,0.0,Negative
1408.0,2024-06-12 18:37:00,Negative,"The Fed's decision to maintain significantly high interest rates amid ongoing inflation concerns created a sentiment of uncertainty, resulting in negative market responses. | As Powell highlighted the cautious approach regarding inflation management, the market's apprehension about extended high borrowing costs manifested in a negative reaction.",-0.0024960037994408,0.0,Negative
1409.0,2024-06-12 18:38:00,Negative,"The Fed's decision to keep rates unchanged, amidst continuing inflation above target, was interpreted negatively by the market as it signaled possible long-term borrowing costs. | Following Powell's comments reinforcing high rates and the need for patience, markets reacted negatively as it further highlighted the Fed’s less aggressive future rate cut stance.",0.0,0.0,Negative
1410.0,2024-06-12 18:39:00,Negative,"The anticipation about the Fed maintaining high interest rates amidst ongoing inflation concerns caused negative sentiment in the stock market. | Powell's assertions about needing more conclusive data to initiate cuts emphasized a prolonged period of high lending rates, leading to negative market sentiment.",0.0,0.0,Negative
1411.0,2024-06-12 18:40:00,Negative,"The Fed's conclusion to maintain rates amidst inflation risks created a market sentiment reflecting investor uncertainty about the financial health, prompting a negative response. | As Powell reiterated a cautious stance on potential future rate changes, this further stoked investor concerns about economic stability, resulting in market negativity.",0.0,0.0026774997691811,Negative
1412.0,2024-06-12 18:41:00,Negative,"The Fed's announcement to maintain high rates amidst recurring inflation issues was not well-received, leading to a negative market response. | When Powell communicated the cautious outlook and the enduring focus on inflation management, it exacerbated investor concerns, manifesting in further negative market sentiment.",0.0,0.0,Negative
1413.0,2024-06-12 18:42:00,Negative,"Despite solid job gains, the lack of progress towards inflation targets influenced a negative perception in the market regarding the Fed's monetary policy direction. | As Powell underscored the cautious approach towards potential rate cuts, this perspective solidified market anxiety, leading to negative reactions.",0.0012052512373186,0.0,Negative
1414.0,2024-06-12 18:43:00,Negative,"Although inflation eased, the Fed maintained a cautious tone regarding future rate cuts, indicating they would need more confidence in sustained inflation improvement before making a policy adjustment. | The emphasis on risks to inflation and the uncertainty of the economic outlook created apprehension among investors, reinforcing their expectation that no immediate rate cuts will occur.",0.0,0.0,Negative
1415.0,2024-06-12 18:44:00,Negative,"The indication that while inflation has improved, it is not enough to prompt rate cuts led to disappointment among traders expecting a more aggressive monetary easing. | Statements regarding monitoring inflation closely and the continuation of the current policy stance, combined with a focus on potential economic uncertainty, further influenced market concerns.",0.0,0.0,Negative
1416.0,2024-06-12 18:45:00,Negative,"Investors reacted negatively to the Fed's decision to maintain rates, signaling that expectations for imminent rate cuts were not met, despite signs of easing inflation. | The Fed's cautious language regarding inflation risks and the economic outlook heightened market concerns about the potential for sustained high-interest rates.",0.0,0.001588356973995,Negative
1417.0,2024-06-12 18:46:00,Negative,"The failure to announce rate cuts, despite expectations for easing inflation, left investors unsettled, interpreting it as a sign of prolonged restrictive monetary policy. | Fed Chair Powell's comments regarding inflation moving slowly toward targets and the need for ongoing vigilance contributed to the negative sentiment in the market.",0.0,0.0,Negative
1418.0,2024-06-12 18:47:00,Negative,"Investors reacted negatively as the Fed's decision to hold rates steady was not aligned with growing expectations for rate cuts, especially in light of recently weaker inflation figures. | The continued emphasis on needing inflation to trend sustainably towards 2% confirmed for the market that rate cuts are not imminent, leading to further selling pressure.",0.000544244431049,0.0,Negative
1419.0,2024-06-12 18:48:00,Negative,"Market disappointment arose from the absence of a clear path toward lower rates amidst still high inflation, contrasting with heightened investor hopes for quicker cuts. | The cautious approach from the Fed regarding future rate adjustments, including a reiteration of high inflation rhetoric, dissuaded investors from taking a bullish stance.",0.0,0.0,Negative
1420.0,2024-06-12 18:49:00,Negative,"The Fed’s reiteration of its stance on maintaining rates created a negative reaction as market participants had anticipated more aggressive easing measures given the inflation context. | Fed Chair Powell's focus on uncertainty around inflation targets and the need for sustained improvement kept the market on edge, fostering a pessimistic outlook.",0.0,0.0,Negative
1421.0,2024-06-12 18:50:00,Negative,"The decision to keep rates unchanged alongside mixed inflation signals dampened market expectations for rate cuts, leading to a negative sentiment. | With Fed officials expressing caution regarding future rate cuts and the ongoing inflation landscape, market participants braced for a more extended period of high rates.",0.0,0.0018293358956354,Negative
1422.0,2024-06-12 18:51:00,Negative,"The Fed's decision to maintain the current rate in light of persistent inflation opened the door for investor skepticism regarding future easing, causing a negative reaction. | Concerns about prolonged inflation rates and the Fed's defensive tone led the market to interpret that significant rate cuts remain distant, enhancing negative sentiment.",0.0,0.0,Negative
1423.0,2024-06-12 18:52:00,Negative,"Market participants viewed the Fed's decision to hold rates as a sign of commitment to controlling inflation rather than easing monetary policy, invoking a negative sentiment. | Further emphasis on needing to monitor economic indicators and inflation trends instilled a cautious meaning for market participants, leading to continued negative reactions.",0.0015784488428928,0.0,Negative
1424.0,2024-06-12 18:53:00,Negative,"The Fed's decision to maintain the target range for rates at 5-1/4 to 5-1/2 percent suggests a cautious approach, which may reflect uncertainty about the economic outlook, leading investors to sell off. | Despite the positive indicators on job gains, Powell's emphasis on the elevated inflation and lack of progress towards the 2% target could reinforce fears of prolonged high rates.",0.0,0.0,Negative
1425.0,2024-06-12 18:54:00,Negative,"The decision to hold rates steady and the committee's focus on the uncertainty of the economic outlook may contribute to a negative sentiment in the market. | Recognizing the persistent inflation and the need for continued caution in policy implies the likelihood of high rates remaining longer, unsettling investors.",0.0,0.0,Negative
1426.0,2024-06-12 18:55:00,Negative,"The Fed's decision to not cut rates aligns with ongoing inflation concerns, which can lead to expectations of lower growth, causing a sell-off. | Additional emphasis on the unpredictability of the economic indicators and low confidence in meeting the inflation target can further deter investor optimism.",0.0,0.002206690241628,Negative
1427.0,2024-06-12 18:56:00,Negative,"A clear message of maintaining rates along with observations of inflation above the target might lead to decreased investor confidence, especially in growth-oriented sectors. | Powell's indication that the path to 2% inflation is complicated could do little to reassure the market, leading to a continuation of sell-offs.",0.0,0.0,Negative
1428.0,2024-06-12 18:57:00,Negative,"Prolonged high rates and lingering inflation concerns are likely to generate apprehension among investors, leading to a negative reaction. | Indications of slower than expected rate cuts may lead to fears of economic stagnation, contributing to negative market sentiment.",-0.0008871369724572,0.0,Negative
1429.0,2024-06-12 18:58:00,Negative,"Holding rates unchanged amidst persistent inflation suggests a tighter monetary environment, which can lead to bearish sentiment. | Continued high inflation rates indicated a cautious and deliberate approach from the Fed, likely contributing to nervousness in financial markets.",0.0,0.0,Negative
1430.0,2024-06-12 18:59:00,Negative,"Fed Chair Powell's language surrounding the necessity of sustained high rates may depress market confidence, leading to a sell-off. | Final remarks emphasizing the Fed's commitment to fighting inflation but acknowledgment of challenges might create lingering fears in the market.",0.0,0.0,Negative
1431.0,2024-06-12 19:00:00,Negative,"Holding rates at current levels signals to markets that the Fed remains cautious, which does not align well with investor expectations. | Powell's assurances about monitoring inflation may be perceived as insufficient, further contributing to a bearish market outlook.",0.0,0.0016223590575568,Negative
1432.0,2024-06-12 19:01:00,Negative,"The market anticipated rate cuts but the Fed's commitment to maintaining the current rate suggests a persistent tighten, resulting in negative sentiment. | Conflicting signals concerning future rate cuts versus current economic uncertainties can lead to market anxiety and selling pressure.",0.0,0.0,Negative
1433.0,2024-06-12 19:02:00,Negative,"A tone of caution regarding inflation persistence leads to fears of ongoing high rates, which markets likely interpret negatively. | Repeated emphasis on the current hurdles to achieving 2% inflation signals potential for prolonged adjustments, unsettling to market confidence.",-0.000488600471049,0.0,Negative
1434.0,2024-06-12 19:03:00,Negative,"Despite solid economic growth and strong job gains, the market reacted negatively due to sustained inflation concerns and the lack of progress towards the 2% inflation target. The tone of the statement indicated continued caution from the Fed. | Chair Powell's comments reinforced the view that significant caution would remain, especially regarding inflation. Investors may have interpreted the Fed's approach as too cautious, leading to fears about future monetary policy tightening.",0.0,0.0,Negative
1435.0,2024-06-12 19:04:00,Negative,"Although inflation data was stable, the persistent elevated levels created an atmosphere of uncertainty, resulting in a negative market sentiment as investors feared potential future rate hikes. | The overall sentiment after Powell's press conference remained cautious due to inflation risks and hints towards maintaining high rates, leading to decreased market confidence.",0.0,0.0,Negative
1436.0,2024-06-12 19:05:00,Negative,"The cooler inflation report provided some relief, but the overall economic outlook remained cautious. The slight decrease in inflation was not enough to offset worries about ongoing high rates. | The tone of Powell's remarks indicated more time would be needed to truly gauge inflation's downward trajectory, which further underlined market concerns about prolonged high rates.",0.0,0.0012719128463196,Negative
1437.0,2024-06-12 19:06:00,Negative,"The initial positive sentiment from the inflation report soured as the Fed’s cautious tone regarding future cuts became clear, leading markets to express concern over economic stagnation. | Comments from Powell suggested a reluctance to hastily make rate cuts which keeps uncertainty high. This weighed heavily on market reactions.",0.0,0.0,Negative
1438.0,2024-06-12 19:07:00,Negative,"The cooler-than-expected inflation reading hinted at slower growth, which was not enough to convince the market of rate cuts, leading to cautious sentiments. | Investors reacted negatively to Powell's comments on needing several months of data to assess monetary policy, reinforcing fears about sustained high borrowing costs.",0.0006261928159261,0.0,Negative
1439.0,2024-06-12 19:08:00,Negative,"Although the CPI indicated stability, persistent inflation fears overshadowed the news, resulting in a negative market reaction as expectations of rate cuts waned. | Powell's insistence on waiting for more data before considering rate cuts signaled continued caution, keeping market confidence low.",0.0,0.0,Negative
1440.0,2024-06-12 19:09:00,Negative,"The report on inflation did not radically change investor expectations of rate movements, leaving markets unsettled about the Fed's future actions. | The tone and forward guidance delivered by Powell indicated a cautious approach, dampening any hopes for immediate monetary easing.",0.0,0.0,Negative
1441.0,2024-06-12 19:10:00,Negative,"Despite signs of moderately declining inflation, worries over gradual economic cooling created a negative response in the market. | The overall tone of caution and lack of definitive cuts from the Fed left investors feeling anxious about future monetary policy stability.",0.0,0.001271350395224,Negative
1442.0,2024-06-12 19:11:00,Negative,"Market reactions were negative as traders remained cautious about persistent inflation despite some encouraging signs. | Comments by Powell about needing to monitor inflation trends reinforced fears surrounding potential future hikes, prompting market declines.",0.0,0.0,Negative
1443.0,2024-06-12 19:12:00,Negative,"Investors were unsettled by mixed signals about inflation stability, leading to a negative sentiment immediately after the announcement. | The insistence on further data before changing policy indicated a prolonged period of high rates, contributing to market dissatisfaction.",4.539609427130003e-05,0.0,Negative
1444.0,2024-06-12 19:13:00,Negative,"Market skepticism grew as the Fed indicated a commitment to monitoring inflation, suggesting potential rate cuts may be postponed.",0.0,0.0,Negative
1445.0,2024-06-12 19:14:00,Negative,"The decision to keep interest rates steady was perceived as too hawkish in an environment where inflation is still elevated. | Comments at the press conference indicated that while progress on inflation is acknowledged, the delay in rate cuts was concerning for investors.",0.0,0.0,Negative
1446.0,2024-06-12 19:15:00,Negative,The Fed's projections showing fewer cuts than anticipated disappointed markets that were hoping for more aggressive monetary easing.,0.0,0.0012333406965612,Negative
1447.0,2024-06-12 19:16:00,Negative,The announcement of no cuts led to worries about ongoing inflation despite recent data suggesting improvement. | Powell's cautious remarks regarding future cuts incited fears that the Fed might be slower than anticipated to react to changing economic conditions.,0.0,0.0,Negative
1448.0,2024-06-12 19:17:00,Negative,Markets reacted adversely to Powell's comments that suggested a wait-and-see approach regarding rate cuts amid high inflation.,-0.003797882361592,0.0,Negative
1449.0,2024-06-12 19:18:00,No Prediction,No Insight,0.0,0.0,Negative
1450.0,2024-06-12 19:19:00,Negative,Powell's remarks emphasizing inflation concerns led to growing unease among investors about the future trajectory of rate cuts.,0.0,0.0,Negative
1451.0,2024-06-12 19:20:00,Negative,"The announcement to maintain the current rates against the backdrop of elevated inflation left investors disappointed. | The tone of the Q&A session, which highlighted ongoing inflation concerns with minimal commitment to immediate cuts, reinforced negative sentiment.",0.0,0.0035411287347841,Negative
1452.0,2024-06-12 19:21:00,Negative,The Fed's cautious stance regarding future cuts despite positive economic indicators disappointed market expectations. | Comments on needing more data to support cuts led to fears that rate reductions may be delayed longer than anticipated.,0.0,0.0,Negative
1501.0,2024-09-18 18:30:00,Positive,"The cut in rates indicated a proactive stance towards supporting the economy amid inflation concerns, which was welcomed by markets. | Powell's comments about the progress on inflation fostered optimism, suggesting that the Fed is mindful of maintaining economic momentum.",-4.418631334568345e-05,0.0006185931424532,Negative
1502.0,2024-09-18 18:31:00,Positive,"The Fed's statement expresses greater confidence that inflation is moving towards the 2% target, signaling a cautious yet supportive approach to the economy which typically sparks optimism in the market. | Investors may react negatively if Powell's responses indicate uncertainty or if the emphasis shifts toward potential further economic weakening, raising concerns about future growth.",0.0008921073891324,0.0006716510242678,Negative
1503.0,2024-09-18 18:32:00,Negative,"Revised unemployment forecasts and slower job growth may lead to skepticism regarding economic strength, which can dampen market confidence. | If Powell reassures the public about manageable inflation levels and labor market stability, this assurance can uplift market sentiment.",-0.0004509480127636,0.0011130742049469,Negative
1504.0,2024-09-18 18:33:00,Positive,"The cut in the federal funds rate amidst falling inflation provides immediate relief to market participants, who may view this as a supportive measure for economic growth.",-0.0004342267499831,0.0008296411360788,Negative
1505.0,2024-09-18 18:34:00,Negative,"If the sentiment is perceived as overly cautious regarding future rate adjustments, this concern could lead to a negative response as market participants weigh the implications for economic growth. | If analysts highlight the potential for additional supportive measures and emphasize the Fed's commitment to stable inflation, this may restore some optimism.",-0.0026528456659013,0.0005470845686856,Negative
1506.0,2024-09-18 18:35:00,Positive,"A significant cut by half a percentage point instills confidence among investors that the Fed is responding proactively to support economic health. | If Powell expresses concerns about inflation's trajectory or job market weaknesses, this may shift sentiment to a more negative outlook.",0.0008512645942715,0.0028299550744632,Negative
1507.0,2024-09-18 18:36:00,Positive,"The proactive stance by the Fed suggests an intention to stimulate the economy, instilling confidence in market participants.",0.0037431648828925,0.0021080975748019,Negative
1508.0,2024-09-18 18:37:00,Negative,"If the statement hints at volatility in inflation or weakening labor markets, it may lead to fears among investors about the Fed's future actions. | As details emerge that could support the case for sustained growth despite pressures, market sentiment could shift back to optimism.",-0.0012328068152398,0.0027819615486842,Negative
1509.0,2024-09-18 18:38:00,Positive,"The significant cut reassures markets that the Fed's focus is still on economic growth and stability. | If Powell's comments regarding inflation and economic risk are perceived as ambiguous or cautious, it could create uncertainty, leading to a downward shift in market sentiment.",-0.0018374429742485,0.0013791152445276,Negative
1510.0,2024-09-18 18:39:00,Positive,"The market receives encouragement from the decisive action on interest rates, providing a sense of stability.",0.0006886226668987,0.0015561174868702,Negative
1511.0,2024-09-18 18:40:00,Positive,The Fed's acknowledgment of progress in inflation and reassurances regarding economic stability resonate well with investors. | Continued concerns about global economic uncertainties might shift sentiment downward once the immediate excitement wanes.,-0.0001947358010493,0.0017169964952028,Negative
1512.0,2024-09-18 18:41:00,Positive,"The Fed's announcement of a significant cut in interest rates by 50 basis points signals aggressive action against inflation, instilling confidence in market participants about the Fed's commitment to fostering economic growth. | Market sentiment turned negative as investors digested Chairman Powell's comments regarding the pace of future cuts, indicating that the reduction was not necessarily the new standard, which raised doubts about continued aggressive easing.",3.5077338357400044e-05,0.0012219959266803,Negative
1513.0,2024-09-18 18:42:00,Positive,"The Fed's rate cut reflection of greater confidence in inflation moving toward target likely eased market concerns, providing an optimistic outlook. | Powell's caution about balancing the labor market and potential economic impacts raised apprehensions, leading to a cautious market response.",-0.0009918254961763,0.0009653022547334,Negative
1514.0,2024-09-18 18:43:00,Positive,"The unexpected half-point cut indicates urgency from the Fed to respond to economic conditions, which typically boosts market confidence. | As the market analyzed the implications of Powell's comments about inflation and future cuts being more measured, it shifted sentiment negatively.",0.0012213575282787,0.0021292074025442,Negative
1515.0,2024-09-18 18:44:00,Positive,The market reacted positively to the rate cut as the Fed's proactive approach aligned with market expectations for increased easing. | Concerns over the Fed's changing tone toward the risks in the economy and unemployment rising caused investors to recalibrate their expectations.,0.0012097084207338,0.0014197990984274,Negative
1516.0,2024-09-18 18:45:00,Positive,"The significant cut illustrates the Fed's confidence in managing inflation, signaling stability which is viewed favorably by the markets. | Market participants grew cautious as Powell detailed future uncertainties and risks, causing a shift from initial optimism to skepticism.",0.0010411333267874,0.0019525356337753,Negative
1517.0,2024-09-18 18:46:00,Positive,"The aggressive rate cut is perceived as a strong measure to boost economic growth, leading to initial market positivity. | Concerns about the Fed not having a clear path and potential future economic implications led to investor caution, reversing initial market enthusiasm.",-0.0037182051740659,0.0020025874138267,Negative
1518.0,2024-09-18 18:47:00,Positive,"The Fed's clear commitment to combat inflation through rate cuts reassured markets, enhancing investor confidence. | As specifics on the future of interest rate policy were revealed, uncertainty crept in, causing a dip in market sentiment.",0.002805220129421,0.0030854346207041,Negative
1519.0,2024-09-18 18:48:00,Positive,"The Fed’s announcement of a cut signaled strong action for economic support, initially lifting market spirits. | As investors assessed Powell's cautious tone regarding the labor market and future economic outlook, the positive sentiment faded.",-0.0010541234830364,0.0018967931786352,Negative
1520.0,2024-09-18 18:49:00,Positive,"Confirmation of a significant rate cut provided initial market support, reflecting confidence in handling inflation. | Analysis of the Fed's cautious approach to future economic projections and labor market concerns prompted negative feelings in the market.",7.079520716441057e-05,0.0008319467554075,Negative
1521.0,2024-09-18 18:50:00,Positive,"The announcement of a cut paints a picture of proactive monetary policy aimed at maintaining economic stability, driving initial market gains. | As Powell's remarks revealed potential economic challenges ahead, markets reacted with caution, leading to a downturn in sentiment.",0.0003893410639619,0.0007968550786229,Negative
1522.0,2024-09-18 18:51:00,No Prediction,No Insight,0.0004949228894828,0.0012923556279432,Negative
1523.0,2024-09-18 18:52:00,No Prediction,No Insight,-0.0009373903795784,0.0014152779252024,Negative
1524.0,2024-09-18 18:53:00,No Prediction,No Insight,-0.0006714136791701,0.0004242156429518,Negative
1525.0,2024-09-18 18:54:00,No Prediction,No Insight,0.0011135150130819,0.0011230192416525,Negative
1526.0,2024-09-18 18:55:00,No Prediction,No Insight,-0.0001946353380976,0.0016636579236134,Negative
1527.0,2024-09-18 18:56:00,No Prediction,No Insight,-0.0004418475655493,0.0006186915557439,Negative
1528.0,2024-09-18 18:57:00,No Prediction,No Insight,-0.001791862124249,0.0006523226398382,Negative
1529.0,2024-09-18 18:58:00,No Prediction,No Insight,0.0004985596814704,0.0022320827576435,Negative
1530.0,2024-09-18 18:59:00,No Prediction,No Insight,0.0005840784797406,0.0018801993720844,Negative
1531.0,2024-09-18 19:00:00,No Prediction,No Insight,-0.0005519926299477,0.001171895807809,Negative
1532.0,2024-09-18 19:01:00,Positive,"The market reacted positively as the Fed's significant half-point rate cut signals confidence in controlling inflation while balancing economic growth, relieving some borrowing pressure. | As Jerome Powell cautioned against assuming the rate cut is the new norm, suggesting a cautious approach to future cuts, the market showed signs of concern, pulling back.",0.0028600757561059,0.0019382257232783,Negative
1533.0,2024-09-18 19:02:00,Positive,"Investors viewed the Fed's enthusiasm about inflation control as validation of effective monetary policy, leading to confidence in market stability. | As details emerged about possible restrictions in monetary policy post-cuts, concerns arose about sustained economic growth, pulling market sentiment down.",-0.0017949230279464,0.0021345856235659,Negative
1534.0,2024-09-18 19:03:00,Positive,"The announcement implied a commitment to sustaining economic recovery, showing responsiveness to inflation, boosting investor confidence. | Contrary indications regarding labor market pressure and inflation projections led to mixed feedback from investors, causing some pullback in market gains.",0.0001063610096042,0.0009238203524729,Negative
1535.0,2024-09-18 19:04:00,Positive,The substantial cut embraced by the Fed reassured markets about aggressive inflation management and potential economic growth. | The broader concerns regarding the job market and slowing growth raised apprehensions about the sustainability of the current economic momentum.,-0.0011548969382432,0.0009417534382884,Negative
1536.0,2024-09-18 19:05:00,Positive,"The Fed's commitment to reducing rates demonstrated an adaptive response to economic conditions, inspiring market optimism. | Concerns began to surface about whether the economy could keep up with monetary easing without triggering inflationary pressures once more.",0.0012967707183119,0.0022257438435925,Negative
1537.0,2024-09-18 19:06:00,Positive,"The Fed's proactive reduction of rates indicated a commitment to nurturing growth, while curbing inflation expectations bolstered market trust. | Acknowledgment of labor market weaknesses and a measured outlook on cuts led to re-evaluation of optimistic projections, causing a market downturn.",0.0007473287461867,0.0013172416248353,Negative
1538.0,2024-09-18 19:07:00,Positive,"Market confidence soared on the Fed's decisive stance to address inflation while assisting economic growth. | Discussions focused on the potential risks of over-easing and added caution to the projections led to shifts in market expectations, dampening the euphoria.",-0.0004983136707422,0.0012282606760774,Negative
1539.0,2024-09-18 19:08:00,Positive,"The half-point cut was seen as a pivotal victory in the Fed's struggle against inflation, elevating market spirits. | Cautions on the sustainability of economic recovery and future outlook projected uncertainty, thus leading to a pullback.",-0.0003024319308528,0.0009960690845056,Negative
1540.0,2024-09-18 19:09:00,Positive,"The proactive approach of cutting rates alongside a confident assessment of inflation brought immediate positive market sentiment. | Initial enthusiasm waned as caution regarding employment shifts and balanced forecasts set a tone of apprehension, resulting in market adjustments.",3.570867925829999e-05,0.0006759881879958,Negative
1541.0,2024-09-18 19:10:00,Positive,"The message of supporting economic health and confidence in enduring inflation control created favorable market conditions. | In light of potential economic inconsistencies and the nuanced tone regarding challenges ahead, the initial enthusiasm gave way to market hesitancy.",0.0012092581492692,0.0010142890189866,Negative
1542.0,2024-09-18 19:11:00,Positive,"The cut of 50 basis points signals strong commitment to combating inflation, positively impacting market sentiment as investors perceive it as a decisive action to stabilize the economy. | While the half-point cut initially uplifted markets, Fed Chair Powell’s caution about the pace of future cuts dampened enthusiasm, signaling potential volatility ahead.",0.0002298704993476,0.002686689322634,Negative
1543.0,2024-09-18 19:12:00,Positive,The unexpected decision to cut rates by 50 basis points fueled immediate stock market gains as it was seen as a strong proactive move to ensure economic stability.,-0.000143762534171,0.001485162324031,Negative
1544.0,2024-09-18 19:13:00,Positive,"The 50 basis point cut aligns with expectations of proactive Fed action to support economic recovery, leading to confidence among investors. | Powell's emphasis on the uncertain economic landscape tempered initial excitement, indicating that while action has been taken, ongoing challenges remain.",-0.0007632939750688,0.0017740562021004,Negative
1545.0,2024-09-18 19:14:00,Positive,"The decision to cut rates was anticipated, and the size of the cut exceeded expectations, providing a boost to market confidence. | Comments related to the labor market and potential political scrutiny raised concerns which dampened the initial positive market reaction.",-0.0011868888935666,0.0008860064146864,Negative
1546.0,2024-09-18 19:15:00,Positive,"The rate cut reflected growing confidence in controlling inflation which was well-received by the market. | Discussions about balancing rate cuts with the labor market led to concerns about the fragility of economic improvements, causing a decrease in market optimism.",0.0012047236534669,0.001134731653694,Negative
1547.0,2024-09-18 19:16:00,Positive,The initiation of a rate cut cycle creates investor confidence in the Fed’s commitment to economic stability.,-0.0001418926098764,0.0011883435909261,Negative
1548.0,2024-09-18 19:17:00,Positive,"The reduction in rates was seen as a decisive step to support consumer spending and business investment, benefiting market sentiment. | Concerns over labor market weakness and how it could hinder future growth led investors to foster a more cautious outlook, despite the rate cut.",-0.0013284258625134,0.0008501580485646,Negative
1549.0,2024-09-18 19:18:00,Positive,"The aggressive cut indicates the Fed's readiness to act, fostering optimism among investors regarding economic recovery. | Powell's cautious statements regarding the sustainability of inflation control and political optics caused uncertainty, impacting market stability.",0.0018465688365212,0.0014721010251497,Negative
1550.0,2024-09-18 19:19:00,Positive,"The perceived commitment to more rate cuts stimulates investor confidence, leading to a rally in stocks.",-0.0036362413539705,0.000966517698801,Negative
1551.0,2024-11-07 18:30:00,Positive,"The signal of more rate cuts aligns with market expectations, fostering a positive reception.",0.0003865927194575,0.0006223926793163,Negative
1552.0,2024-11-07 18:31:00,Positive,"The reduction of benchmark policy rate by 25 bps aligns with market expectations, suggesting a stabilizing monetary policy supportive of the economy. | Concerns arose regarding Trump’s potential economic policies that could reverse disinflationary efforts, leading to skepticism about future rate cuts.",3.3457948690229e-05,0.0002691427802448,Negative
1553.0,2024-11-07 18:32:00,Positive,"The market received the rate announcement positively, viewing it as a prudent move to sustain economic growth amidst stabilizing inflation. | Questions regarding rising unemployment claims and disruption from hurricanes raised concerns about the health of the labor market, tempering enthusiasm.",0.0002693231538237,0.0002187079407806,Negative
1554.0,2024-11-07 18:33:00,Positive,"Investors welcomed the 25 bps cut, indicating a continued commitment to controlling inflation as it approaches the Fed's target. | Increased uncertainty over Trump's policies hinted at complicating the Fed's inflation control, leading investors to worry about potential future inflation.",-0.0003032777313777,0.000302836569198,Negative
1555.0,2024-11-07 18:34:00,Positive,"The anticipated rate cut suggests effective management of inflation expectations, which is positively viewed by the markets. | Concerns about Trump's economic policies resurrecting inflationary pressures cause a negative sentiment shift among investors.",0.0001434633819923,0.0002018604807643,Negative
1556.0,2024-11-07 18:35:00,Positive,"The decision reflects the Fed's commitment to fostering economic stability and addressing inflation, garnering market approval. | The uncertainties surrounding Trump's fiscal policies raised fears of inflation returning, thus dampening initial positive reactions.",8.410400636926745e-05,0.0002683242770386,Negative
1557.0,2024-11-07 18:36:00,Positive,"The anticipated rate cut met market expectations, indicating that the Fed aims to support economic growth while keeping inflation on target. | Heightened concern over potential inflation from Trump's policies led to skepticism about the Fed's ability to maintain disinflation.",0.0001008995443367,0.0002523128679562,Negative
1558.0,2024-11-07 18:37:00,Positive,"The rate cut was expected and thus received positively, signaling to investors that the Fed is responding wisely to economic conditions. | Speculation about Trump's trade policies igniting inflationary trends caused market nerves, overshadowing earlier positivity.",-0.000161975385679,0.0002606904091157,Negative
1559.0,2024-11-07 18:38:00,Positive,"The 25 bps cut aligns with investor expectations, suggesting effective Fed measures to ensure economic stability. | Concerns about Trump's potential policies reversing inflation control measures led to doubts about the Fed’s strategy moving forward.",-2.303686203276135e-05,0.0001597538109692,Negative
1560.0,2024-11-07 18:39:00,Positive,"The announced rate cut was in line with market expectations, viewed as necessary for supporting economic growth. | Rising uncertainties surrounding Trump's economic agenda fueled market pessimism about ongoing inflation control.",-0.0005632812405958,0.0001177044273678,Negative
1561.0,2024-11-07 18:40:00,Positive,"A rate cut was anticipated and welcomed, signaling ongoing support for the economic recovery amid easing inflation. | Concerns emerged regarding potential inflation from Trump's policies that could disrupt the Fed’s objectives.",0.0005044130440109,0.0005721737167183,Negative
1562.0,2024-11-07 18:41:00,Negative,"The anticipation of a 25 basis point rate cut aligns with comments on balancing inflation and employment goals, signaling an uncertain economic outlook which could weigh on investor sentiment. | Comments from Powell regarding inflation nearing the target may be interpreted as cautious, reinforcing fears of potential economic instability under a new administration.",-2.523666373629592e-05,0.000201901236645,Negative
1563.0,2024-11-07 18:42:00,Negative,"Investors react to the anticipated 25 basis point cut amidst ongoing inflation concerns, leading to a cautious sentiment as market expectations shift with the re-election of Trump. | Powell's lack of clear guidance on future cuts may increase uncertainty, causing further downward pressure as investors digest potentially inflationary policies.",0.0001009446032289,0.0003534104104608,Negative
1564.0,2024-11-07 18:43:00,Negative,"Initial rate cut and future uncertainty combined with the upcoming political landscape lead to fears regarding prolonged inflation, resulting in a swift negative response from the market. | Statements emphasizing the need for sustained economic performance in light of anticipated slow growth further dampen market confidence.",-5.888651607020608e-05,0.0002860219395651,Negative
1565.0,2024-11-07 18:44:00,Negative,"While a 25 bps cut was anticipated, the acknowledgment of risks and potential economic shifts under Trump contribute to a cautious negativity from investors. | The market remains unsettled due to Powell's focus on maintaining the labor market in the face of rising inflationary pressures.",0.0001682507474582,0.0001935098479685,Negative
1566.0,2024-11-07 18:45:00,Negative,"Trump's election as a potential headwind for monetary policy creates anxiety among investors, resulting in a negative outlook. | Absence of clear signal on future monetary policy from Powell combined with rising bond yields contributes to a downward sentiment.",-0.0004710544854544,0.000201901236645,Negative
1567.0,2024-11-07 18:46:00,No Prediction,No Insight,0.0004290082907475,0.0003197307530501,Negative
1568.0,2024-11-07 18:47:00,Negative,"The Fed's cautious approach to managing inflation expectations amidst a changing political landscape triggers concern, affecting market confidence negatively. | Powell's commentary suggesting potential difficulties in managing inflation leads to further negativity, as market participants assess the implications of increased fiscal pressures.",-5.065666504347031e-05,0.0001262095077829,Negative
1569.0,2024-11-07 18:48:00,No Prediction,No Insight,0.000143346419942,0.0001935000799237,Negative
1570.0,2024-11-07 18:49:00,Negative,The expectation of a rate cut is overshadowed by the higher-than-expected inflation pressures which could complicate the Fed's future decisions. | Uncertainty regarding the sustainability of the Fed's inflation targets amidst projected fiscal policies contributes to a bearish market sentiment.,0.0002016378917589,0.0002022377727327,Negative
1571.0,2024-11-07 18:50:00,Negative,"Market anxiety is heightened due to conflicting signals about growth and inflation, leading to a negative reception of the expected rate changes. | The lack of definitive clarity on future Fed actions heightens investor concerns, driving negative sentiment.",-0.0003700792394068,0.0004794065451608,Negative
1572.0,2024-11-07 18:51:00,Positive,"The Fed's confidence in inflation nearing its 2% target and the decision to cut rates signals a positive outlook for economic stability. | Concerns may arise regarding the effectiveness of the rate cuts and potential impacts of Trump's policies on inflation, creating uncertainty.",0.0001765389007363,9.24804950227838e-05,Negative
1573.0,2024-11-07 18:52:00,Positive,The anticipation of a 25 basis point rate cut and the easing of inflation pressures generally boost market confidence. | Questions about Trump’s economic policy and potential inflationary effects create mixed sentiments in the market.,-0.0003110277185475,0.0002858343841949,Negative
1574.0,2024-11-07 18:53:00,Positive,"The acknowledgment of nearing the 2% target and rate cuts suggest an easing of monetary policy, which is viewed favorably. | The discussions about rising costs and new administration policies introduce uncertainty, dampening market enthusiasm.",0.0004374274845295,0.0001933520520537,Negative
1575.0,2024-11-07 18:54:00,Positive,"The expected rate cut and decreasing inflation suggest a stabilizing economy, garnering positive market reaction. | Analysts focus on the complexities introduced by potential legislative changes under Trump, leading to cautious market sentiment.",-0.0003701785574139,0.0004034969737727,Negative
1576.0,2024-11-07 18:55:00,Positive,"The rate cut indicates a responsive Fed and a commitment to managing inflation, creating an optimistic market environment. | Inquiries about past pressures and future Fed action under Trump's re-election lead to volatility as markets reassess risks.",3.3443683469401e-05,0.0002184873949579,Negative
1577.0,2024-11-07 18:56:00,Positive,"The Fed hints at strong data and positive economic signals, prompting a boost in investor confidence. | The contradictory signals regarding job growth lead to reassessment of previous optimism, causing a downturn.",-0.0001512605042298,0.000184892594211,Negative
1578.0,2024-11-07 18:57:00,Positive,"The Fed’s focus on inflation nearing target and easing rates resonates well with traders looking for stability. | Market concerns arise from potential inflation from Trump’s policies, affecting overall confidence.",-0.0001679528372115,0.0002800753143702,Negative
1579.0,2024-11-07 18:58:00,Positive,Positive economic signals lead to an optimistic market response as optimism about the Fed's actions runs high. | Rising concerns about future inflation due to political policies introduce doubt in market stability.,0.0004811409216798,0.0003361358103016,Negative
1580.0,2024-11-07 18:59:00,Positive,"The expected rate cut suggests supportive measures being taken by the Fed, boosting market confidence. | Discussion of economic uncertainty and unexpected market responses to potential policy changes lead to a negative outlook.",-0.0003633466545037,0.0003195264281991,Negative
1581.0,2024-11-07 19:00:00,Positive,"Investors react favorably to the Fed's commitment to keeping inflation in check and supporting economic growth. | Inquiries about Trump's policies create apprehension in the market regarding inflation, resulting in a cautious tone.",0.0004728511358186,0.0020195220464488,Negative
1582.0,2024-11-07 19:01:00,Positive,"The market reacted positively due to the expectation of economic growth fueled by Trump's policies, which bolstered confidence among investors. | As uncertainties around Trump's potential regulatory changes emerged, concerns regarding inflation and the Fed's policy decisions shifted market sentiment.",-0.0003553315173891,0.000857993640753,Negative
1583.0,2024-11-07 19:02:00,Positive,"The initial focus on economic growth prospects under Trump increased market optimism, encouraging investor confidence. | Concerns about potential changes in monetary policy and inflation stemming from Trump's administration created doubts among investors.",-0.0001345080368551,0.0004877064343613,Negative
1584.0,2024-11-07 19:03:00,Positive,"Initial discussions on continuation of Powell's term were seen as reassuring, boosting market confidence in Fed's stability. | Emerging concerns regarding the impact of Trump's potential economic policies raised inflation worries, dampening market enthusiasm.",0.0003531288429897,0.0005551536766314,Negative
1585.0,2024-11-07 19:04:00,Positive,"Expectations around Trump's policies stimulated initial market optimism, focusing on projected economic growth. | Concerns about the potentially inflationary effects of Trump's policies led to increased market anxiety, shifting sentiment.",-3.382176035569999e-05,0.000336411498545,Negative
1586.0,2024-11-07 19:05:00,Positive,Positive sentiment around nearing inflation targets bolstered market confidence during the opening. | Rising concerns about inflation from proposed policies caused a downturn in market confidence.,0.0002691966775547,0.0007739417188236,Negative
1587.0,2024-11-07 19:06:00,Positive,"Confident statements regarding inflation indicated to investors that stability is pursued, leading to market optimism. | As discussions pointed towards uncertainties surrounding Trump's impact on monetary policy, market sentiment shifted downward.",-0.0003432001206864,0.0007905803195963,Negative
1588.0,2024-11-07 19:07:00,Positive,"Early confidence regarding inflation targets reassured investors, showing promise in economic performance. | Concerns about Trump's policies and their potential inflationary effects turned investor sentiment negative.",0.0002086055899115,0.0003024748970216,Negative
1589.0,2024-11-07 19:08:00,Positive,"Positive indicators from Federal Reserve related to inflation helped maintain a bullish outlook and market enthusiasm. | Doubts about the future economic landscape under Trump's policies stirred concerns, impacting market momentum.",-0.0002355017338981,0.0005043288223921,Negative
1590.0,2024-11-07 19:09:00,Positive,"Confidence upheld regarding Powell's continued leadership, boosting investor sentiment. | Emerging doubts over potential fiscal impacts of Trump’s policies led to a downturn in market confidence.",-0.0003694055562373,0.0002353336695242,Negative
1591.0,2024-11-07 19:10:00,Positive,Confidence in inflation nearing its target was met with positivity from the markets. | Heightened fears of inflation linked to Trump's fiscal plans adjusted market sentiments downward.,0.000420010742333,0.0004201482169927,Negative
1592.0,2024-11-07 19:11:00,Negative,"The market may react negatively due to concerns about the Fed cutting rates. The sentiment is shaped by the belief that a reduction may indicate a response to a weakening economy. | Powell's comments during the press conference might reinforce market fears about inflation not being adequately controlled, prompting further concerns that lower rates are due to economic instability.",0.0001513045816506,0.0002522068095838,Negative
1593.0,2024-11-07 19:12:00,Negative,"Concerns over the political landscape and potential inflationary policies from Trump might lead the market to view the rate cut skeptically, impacting investor confidence. | As the press conference unfolds, uncertainties surrounding future Fed policy due to Trump's influence may deepen the negative sentiment, leading to a pronounced market reaction.",0.0,0.0002689979825152,Negative
