Type,Statement Price Movement,Test Size,Number of Matching Sentences,Accuracy,F1 Score,Precision,Recall,Insights
Statement Similarity Score,positive,0.2,15,0.5833333333333334,0.5161290322580645,0.5333333333333333,0.5,"Higher average similarity scores (around 0.36 and above) are generally associated with High price volatility. Scores below approximately 0.30 tend to correlate with Low volatility. Scores between 0.30 and 0.36 show mixed results, with both High and Low recordings."
News Similarity Score,positive,0.2,20,0.6666666666666666,0.6,0.6428571428571429,0.5625,"The analysis reveals that an Average Similarity Score below approximately 0.43 is primarily associated with Low price volatility, while scores above this threshold correspond to High price volatility. Scores around 0.4-0.5 show mixed results, indicating some sensitivity to contextual factors."
Statement Similarity Score,positive,0.33,15,0.5166666666666667,0.40816326530612246,0.45454545454545453,0.37037037037037035,"The analysis indicates that higher average similarity scores are generally associated with High price volatility, while lower scores tend to correlate with Low price volatility. A threshold around 0.33 appears to be critical, with scores above this often leading to High volatility predictions."
News Similarity Score,positive,0.33,20,0.48333333333333334,0.0,0.0,0.0,"The analysis shows that higher average similarity scores generally correlate with low price volatility, while lower scores tend to indicate high volatility. Specifically, a threshold around 0.4 appears to be significant, as scores below this threshold are more likely associated with high volatility."
Statement Similarity Score,negative,0.2,15,0.4722222222222222,0.5957446808510638,0.4666666666666667,0.8235294117647058,"The analysis of the Average Similarity Score indicates that scores below approximately 0.27 are more likely to correlate with High price volatility, while scores above this threshold tend to correspond with Low price volatility."
News Similarity Score,negative,0.2,20,0.5833333333333334,0.5161290322580645,0.5714285714285714,0.47058823529411764,"Higher average similarity scores tend to correlate with high price volatility, while lower scores are generally associated with low volatility. A similarity score threshold of approximately 0.43 appears significant in differentiating between high and low price volatility."
Statement Similarity Score,negative,0.33,15,0.5333333333333333,0.06666666666666667,0.5,0.03571428571428571,"The analysis indicates that lower average similarity scores are correlated with high price volatility, while higher scores generally align with low price volatility. Specifically, scores below ~0.29 have a higher likelihood of signaling high volatility."
News Similarity Score,negative,0.33,20,0.4666666666666667,0.1111111111111111,0.25,0.07142857142857142,"A higher average similarity score tends to correlate with low price volatility, while lower scores are often associated with high volatility. The threshold for price volatility appears to be around 0.4, with scores above generally indicating low volatility and scores below corresponding with higher volatility."
Statement Similarity Score,positive,0.2,20,0.5833333333333334,0.2857142857142857,0.6,0.1875,"A higher Average Similarity Score is generally associated with Low Price Volatility. Multiple records with scores below approximately 0.3 tend to indicate Low volatility, while scores above 0.38 are more likely to flag High volatility."
News Similarity Score,positive,0.2,25,0.5555555555555556,0.2727272727272727,0.5,0.1875,"The analysis indicates that lower Average Similarity Scores correlate with Low price volatility, while scores above 0.48 tend to predict High volatility. Scores between 0.4 and 0.48 show a mixed correlation, suggesting nuanced influences on volatility."
Statement Similarity Score,positive,0.33,20,0.5,0.16666666666666666,0.3333333333333333,0.1111111111111111,"The analysis indicates that higher average similarity scores (above approximately 0.35) tend to correlate with higher price volatility, while lower scores generally associate with lower price volatility. A threshold around 0.30 appears to separate the two categories effectively."
News Similarity Score,positive,0.33,25,0.55,0.5970149253731343,0.5,0.7407407407407407,"The analysis suggests that higher Average Similarity Scores are often associated with High price volatility, while lower scores tend to correlate with Low volatility. A threshold score of approximately 0.4 appears significant, as most records above this score exhibit High volatility."
Statement Similarity Score,negative,0.2,20,0.5277777777777778,0.0,0.0,0.0,"The analysis shows that records with lower average similarity scores (typically below 0.25) tend to indicate Low price volatility, while those with higher scores (above 0.3) have a stronger tendency toward Low volatility as well. There were very few instances where the Price Volatility was High despite the scores being less than 0.3. Overall, it suggests an inverse relationship between average similarity scores and price volatility."
News Similarity Score,negative,0.2,25,0.5277777777777778,0.0,0.0,0.0,"The analysis indicates that lower average similarity scores (below approximately 0.45) are often associated with Low price volatility, while scores above this threshold can indicate High volatility. However, scores of around 0.45 do present some variability in outcomes."
Statement Similarity Score,negative,0.33,20,0.5333333333333333,0.0,0.0,0.0,"The average similarity score shows a strong correlation with price volatility. Scores below ~0.3 are generally associated with Low volatility, while scores around 0.3 and above can indicate contextually High volatility. Thresholds may vary depending on specific event-related news context."
News Similarity Score,negative,0.33,25,0.4666666666666667,0.3333333333333333,0.4,0.2857142857142857,"Higher average similarity scores (generally above 0.45) tend to be associated with High price volatility, while lower scores (below 0.4) are commonly linked to Low volatility. Scores from approximately 0.4 to 0.45 present more variability in volatility outcomes."
Statement Similarity Score,positive,0.2,25,0.6111111111111112,0.4166666666666667,0.625,0.3125,"The analysis indicates that lower average similarity scores (particularly below 0.27) tend to correspond with Low price volatility, while Higher price volatility is often associated with scores above 0.30. Scores in the range of 0.27 to 0.30 can be ambiguous and may contain more variance."
News Similarity Score,positive,0.2,30,0.6388888888888888,0.38095238095238093,0.8,0.25,"The analysis indicates that lower average similarity scores are predominantly associated with low price volatility, whereas higher scores, particularly above 0.49, correlate with increased price volatility, suggesting a potential threshold effect."
Statement Similarity Score,positive,0.33,25,0.5833333333333334,0.3902439024390244,0.5714285714285714,0.2962962962962963,"A higher Average Similarity Score is often associated with High price volatility, particularly scores exceeding 0.330. Scores below this threshold, especially in the 0.200 to 0.300 range, tend to predict Low price volatility."
News Similarity Score,positive,0.33,30,0.5,0.3181818181818182,0.4117647058823529,0.25925925925925924,"A higher average similarity score tends to correlate with higher price volatility, while lower scores are generally associated with lower volatility. Scores around 0.45 seem to be a critical threshold where a shift can occur towards higher volatility."
Statement Similarity Score,negative,0.2,25,0.5555555555555556,0.3333333333333333,0.5714285714285714,0.23529411764705882,"Higher average similarity scores (above ~0.3) are generally associated with low price volatility. Scores below ~0.2 tend to indicate higher volatility, but there's significant variance below that point. Scores near the lower end of the scale may suggest uncertainty in market reactions."
News Similarity Score,negative,0.2,30,0.5833333333333334,0.2857142857142857,0.75,0.17647058823529413,"The analysis shows that lower average similarity scores (below approximately 0.44) are predominantly associated with Low price volatility, while scores above 0.44 tend to indicate High price volatility. This suggests a threshold exists where increased similarity may correlate with reduced uncertainty in market responses."
Statement Similarity Score,negative,0.33,25,0.5166666666666667,0.12121212121212122,0.4,0.07142857142857142,"The analysis indicates that lower average similarity scores (generally below 0.25) tend to correlate with High price volatility, while scores above 0.25 are typically associated with Low price volatility."
News Similarity Score,negative,0.33,30,0.48333333333333334,0.0,0.0,0.0,"The analysis suggests that a higher Average Similarity Score is generally associated with Low price volatility, while scores around or below 0.4 tend to indicate High price volatility."
Statement Similarity Score,positive,0.2,30,0.5555555555555556,0.1111111111111111,0.5,0.0625,"Higher Average Similarity Scores (above approximately 0.27) are often associated with High price volatility, while scores below this threshold typically indicate Low volatility."
News Similarity Score,positive,0.2,35,0.5277777777777778,0.10526315789473684,0.3333333333333333,0.0625,"Generally, lower average similarity scores tend to correlate with low price volatility, while higher similarity scores (above approximately 0.410) are more likely to associate with high price volatility. There are exceptions, but this threshold appears to be a strong predictor."
Statement Similarity Score,positive,0.33,30,0.5333333333333333,0.2631578947368421,0.45454545454545453,0.18518518518518517,"A lower average similarity score generally correlates with low price volatility, while moderate to high scores often indicate higher price volatility. Scores above approximately 0.27 tend to coincide with higher volatility, while those below generally indicate lower volatility."
News Similarity Score,positive,0.33,35,0.4666666666666667,0.2,0.3076923076923077,0.14814814814814814,"Higher Average Similarity Scores (above ~0.45) generally correspond with High price volatility, while Lower Scores (below ~0.40) tend to indicate Low price volatility. Scores in the range of 0.40 to 0.45 show mixed results."
Statement Similarity Score,negative,0.2,30,0.5555555555555556,0.38461538461538464,0.5555555555555556,0.29411764705882354,"Higher average similarity scores tend to correlate with lower price volatility, while lower similarity scores are often associated with higher volatility. A critical threshold appears to be around 0.22 to 0.25, below which the price volatility is likely 'High', and above which it is often 'Low'."
News Similarity Score,negative,0.2,35,0.5277777777777778,0.0,0.0,0.0,"The analysis indicates that lower average similarity scores are predominantly associated with Low price volatility, whereas higher scores tend to correlate with High price volatility. A threshold appears to exist around 0.4-0.46 where the probability of High volatility increases notably."
Statement Similarity Score,negative,0.33,30,0.43333333333333335,0.22727272727272727,0.3125,0.17857142857142858,"Lower average similarity scores (below approximately 0.24) tend to correlate with Low price volatility, while scores above this threshold are more likely to indicate High price volatility. There seems to be a significant degree of variability as some intermediate scores also lead to High volatility outcomes, indicating that other factors may also play a role."
News Similarity Score,negative,0.33,35,0.5,0.34782608695652173,0.4444444444444444,0.2857142857142857,"Higher average similarity scores tend to correlate with lower price volatility, while lower scores are often associated with higher volatility, indicating uncertainty or a significant divergence from expected central bank policies."
