Statement Price Movement,Type,Test Size,Number of Matching Sentences,Accuracy,F1 Score,Precision,Recall,Insights
Statement Similarity Score,positive,0.2,15,0.2777777777777778,0.23529411764705882,0.2857142857142857,0.2,"The average similarity score shows a varying relationship with price movement. Generally, scores above approximately 0.5 suggest a tendency towards positive price movement, while scores below 0.5 are more likely associated with negative price movements. However, there are exceptions, indicating that additional factors may also influence price behavior."
News Similarity Score,positive,0.2,20,0.4444444444444444,0.5454545454545454,0.5,0.6,"The analysis reveals a complex relationship between the Average Similarity Score and Price Movement. Generally, higher similarity scores above 0.6 tend to correlate with Positive price movements, while scores below that threshold are more likely to lead to Negative movements. However, there are exceptions, indicating that other factors may also play a role in influencing price changes."
Statement Similarity Score,positive,0.33,15,0.5333333333333333,0.6111111111111112,0.5789473684210527,0.6470588235294118,"The average similarity score displays a nuanced relationship with price movement. Higher similarity scores (around 0.56 and above) are frequently associated with Positive price movements, whereas lower scores (below 0.50) tend to correlate with Negative price movements. However, there are exceptions indicating that context might play a significant role, suggesting that moving beyond mere score thresholds and considering contextual factors could enhance prediction accuracy."
News Similarity Score,positive,0.33,20,0.5333333333333333,0.631578947368421,0.5714285714285714,0.7058823529411765,"The average similarity scores demonstrate a varied impact on price movements. Scores around 0.5 or lower tend to correspond with negative price movements, while scores above that threshold tend to be associated with positive price movements. The data indicates a potential threshold around 0.6 where the transition from negative to positive price movement is prominent."
Statement Similarity Score,negative,0.2,15,0.6,0.625,0.625,0.625,"The analysis indicates that higher average similarity scores are generally associated with positive price movements, while lower scores tend to correlate with negative movements. For example, scores above approximately 0.54 often predict positive outcomes, whereas scores around or below 0.50 frequently lead to negative movements. Understanding these thresholds can assist in forecasting market responses to FOMC communications."
News Similarity Score,negative,0.2,20,0.5333333333333333,0.631578947368421,0.5454545454545454,0.75,"The analysis of the training data reveals a correlation between the average similarity score and the price movement. Generally, scores above approximately 0.630 indicate a higher likelihood of positive price movement, while scores below this threshold tend to correlate with negative price movement. This reflects market perception influenced by the language and sentiment of FOMC statements and press conferences."
Statement Similarity Score,negative,0.33,15,0.6,0.6875,0.5789473684210527,0.8461538461538461,"The analysis indicates that higher average similarity scores tend to correlate with positive price movements, while lower scores are more likely to result in negative movements. A score range around 0.5 reveals a tendency towards positive movements, while scores below approximately 0.48 are often associated with negative outcomes."
News Similarity Score,negative,0.33,20,0.56,0.7027027027027027,0.5416666666666666,1.0,"A higher average similarity score generally correlates with a positive price movement, while lower scores are often associated with negative movements. Observations indicate that scores around or above 0.68 frequently lead to positive outcomes, while scores below this threshold may lead to negative outcomes."
Statement Similarity Score,positive,0.2,20,0.5,0.64,0.5333333333333333,0.8,"The average similarity score tends to correlate positively with price movements, where higher similarity scores often lead to positive price movements. Scores below approximately 0.47 are associated with negative price movements, while scores above this threshold frequently indicate a positive price response. This suggests that market reactions are influenced by how closely aligned the press conference content is with prior expectations set by FOMC statements and news."
News Similarity Score,positive,0.2,25,0.5555555555555556,0.7142857142857143,0.5555555555555556,1.0,"The analysis of the training data shows that higher average similarity scores (>0.6) tend to correlate with positive price movements, while lower scores (<0.6) often align with negative movements. This implies that similarities in messaging post-FOMC meetings positively influence market sentiment, leading to price increases."
Statement Similarity Score,positive,0.33,20,0.4666666666666667,0.5294117647058824,0.5294117647058824,0.5294117647058824,"The analysis indicates that higher average similarity scores tend to correlate with positive price movements, while lower scores are often associated with negative movements. Specifically, the score ranges around 0.5 appear critical, as scores above this threshold lean towards positive movements and those below towards negative. The positive relationships strengthen as scores approach or exceed 0.55."
News Similarity Score,positive,0.33,25,0.4666666666666667,0.5555555555555556,0.5263157894736842,0.5882352941176471,"The analysis shows that a higher Average Similarity Score often correlates with a Positive price movement while lower scores more frequently align with Negative movements. Scores above approximately 0.65 tend to favor Positive movements, whereas those below this threshold are often associated with Negative price changes. The transitional range around 0.6 to 0.65 suggests mixed results and may require deeper analysis based on additional qualitative factors."
Statement Similarity Score,negative,0.2,20,0.4,0.4,0.42857142857142855,0.375,"Higher average similarity scores (generally above 0.5) are associated with positive price movements, while lower scores (below around 0.45) often correlate with negative movements. Scores between these thresholds may lead to mixed outcomes, suggesting a more complex relationship."
News Similarity Score,negative,0.2,25,0.4,0.5263157894736842,0.45454545454545453,0.625,"The analysis of the training data indicates that an average similarity score above approximately 0.63 tends to correlate with positive price movements, whereas scores below that threshold suggest negative price movements. There are some exceptions, as specific scores lead to varying price movements, illustrating a nuanced relationship influenced by additional qualitative factors beyond similarity. Overall, a higher average similarity score is generally associated with positive sentiments in price movement."
Statement Similarity Score,negative,0.33,20,0.64,0.7272727272727273,0.6,0.9230769230769231,"Higher average similarity scores (above approximately 0.5) tend to correlate with positive price movements, whereas lower scores (below approximately 0.5) are more often associated with negative movements."
News Similarity Score,negative,0.33,25,0.68,0.75,0.631578947368421,0.9230769230769231,"Higher average similarity scores (generally above 0.65) tend to indicate positive price movements, while lower scores (below approximately 0.63) are often associated with negative price movements. Scores around 0.58 to 0.64 show more variance, suggesting additional context may be needed for that range."
Statement Similarity Score,positive,0.2,25,0.3888888888888889,0.42105263157894735,0.4444444444444444,0.4,"Higher average similarity scores (above 0.5) tend to correspond with positive price movements, while lower scores (below 0.5) often lead to negative movements. There are exceptions, but this general trend indicates that closely aligned press conference content with baseline texts positively influences market sentiment."
News Similarity Score,positive,0.2,30,0.4444444444444444,0.5,0.5,0.5,"Higher average similarity scores tend to correlate with positive price movements, while lower scores are often associated with negative movements. A score greater than approximately 0.6 has shown a tendency to lead to positive price movements, whereas scores below this threshold often predict negative outcomes."
Statement Similarity Score,positive,0.33,25,0.5333333333333333,0.5625,0.6,0.5294117647058824,"The analysis indicates that lower average similarity scores (around 0.45 or lower) tend to correlate with negative price movements, while higher scores (around 0.5 and above) often lead to positive price movements. There is a clear threshold around 0.475 where the prediction can switch between positive and negative. This suggests that the content's alignment with baseline texts (indicated by the similarity score) significantly influences market sentiment."
News Similarity Score,positive,0.33,30,0.4666666666666667,0.5789473684210527,0.5238095238095238,0.6470588235294118,"From the analysis, it appears that average similarity scores below 0.6 tend to correlate with negative price movements, while scores above 0.6 are more frequently associated with positive price movements. Additionally, there are some exceptions at similar scores around the 0.5 range, indicating that other qualitative factors could also influence price movements."
Statement Similarity Score,negative,0.2,25,0.4,0.4,0.42857142857142855,0.375,"The analysis indicates that lower average similarity scores (below approximately 0.42) tend to correlate with negative price movements, while higher scores generally point towards positive price shifts. Scores around 0.45 to 0.52 have shown mixed outcomes, suggesting the need for further context-specific evaluation."
News Similarity Score,negative,0.2,30,0.6,0.6666666666666666,0.6,0.75,"The analysis of the training data reveals that a higher average similarity score is generally associated with positive price movements, while lower scores tend to correlate with negative movements. This suggests that financial markets may interpret increased alignment between policy discussions and expected economic conditions as positive signals, influencing investor sentiment positively. Specific thresholds may exist, as movement transitions occur around scores in the mid-0.6 range."
Statement Similarity Score,negative,0.33,25,0.52,0.5,0.5454545454545454,0.46153846153846156,"Higher average similarity scores tend to correlate with more positive price movements, while lower scores often relate to negative movements. A score around 0.46 appears to be a threshold, with values above indicating a higher likelihood of positive price sentiment, whereas values below this threshold are more likely to signal negative sentiment."
News Similarity Score,negative,0.33,30,0.6,0.6666666666666666,0.5882352941176471,0.7692307692307693,"The analysis of the training data shows that higher average similarity scores tend to correlate with a positive price movement, while lower scores are more often associated with negative price movement. Specifically, scores above approximately 0.6300 are frequently linked with positive outcomes, while those below this threshold correspond to negative results. This suggests that market interpretations of press conference transcripts relative to established norms or news articles significantly influence price reactions."
Statement Similarity Score,positive,0.2,30,0.6111111111111112,0.6666666666666666,0.6363636363636364,0.7,"Analysis shows that higher average similarity scores generally correlate with positive price movements, while lower scores tend to align with negative movements. A threshold around 0.440 appears as a distinguishing point, with scores above this level more frequently leading to positive outcomes."
News Similarity Score,positive,0.2,35,0.4444444444444444,0.5833333333333334,0.5,0.7,"Records with higher average similarity scores tend to indicate Positive price movements, while lower scores often correlate with Negative movements. Generally, a threshold around 0.6 seems to favor Positive outcomes, with values significantly below this threshold more likely aligning with Negative price movements."
Statement Similarity Score,positive,0.33,30,0.4666666666666667,0.4666666666666667,0.5384615384615384,0.4117647058823529,"The analysis indicates that higher average similarity scores tend to correlate with positive price movements, while lower scores are more often associated with negative movements. Specifically, a threshold appears to exist around a score of approximately 0.45, where scores above this often lead to positive outcomes and those below tend to lead to negative ones. However, exceptions exist, necessitating caution in using similarity scores as a sole predictor."
News Similarity Score,positive,0.33,35,0.4666666666666667,0.6190476190476191,0.52,0.7647058823529411,"The analysis indicates that higher average similarity scores generally correlate with positive price movements, while lower scores tend to be associated with negative movements. Generally, scores above approximately 0.56 tend to predict positive movements, while scores around or below this threshold often suggest negative movements."
Statement Similarity Score,negative,0.2,30,0.26666666666666666,0.26666666666666666,0.2857142857142857,0.25,"The analysis indicates that higher Average Similarity Scores tend to correlate with Positive price movements, while lower scores often indicate Negative price movements. Scores below approximately 0.4 frequently led to Negative outcomes, while scores above 0.45 show a stronger tendency toward Positive price movements."
News Similarity Score,negative,0.2,35,0.6666666666666666,0.7058823529411765,0.6666666666666666,0.75,"The analysis of average similarity scores indicates a varied but discernible pattern relating to price movements. Scores above approximately 0.64 are more commonly associated with positive price movements, while scores below this threshold tend to lean towards negative movements. Notably, scores around 0.6 exhibit less consistency, often reflecting mixed movements. This suggests that a higher average similarity score correlates with positive sentiment and subsequent price increases."
Statement Similarity Score,negative,0.33,30,0.32,0.37037037037037035,0.35714285714285715,0.38461538461538464,"The analysis indicates that higher average similarity scores generally correlate with positive price movements, with a threshold score of around 0.44 suggesting a shift towards positive sentiment. Scores below 0.42 significantly lean towards negative price movements, while scores between this range exhibit mixed outcomes."
News Similarity Score,negative,0.33,35,0.44,0.4166666666666667,0.45454545454545453,0.38461538461538464,"Higher average similarity scores (generally above 0.63) tend to correlate with positive price movements, while lower scores often indicate negative movements. Specific scoring ranges suggest thresholds, with scores around 0.62 and below frequently aligning with negative outcomes."
