ID,Timeframe,Combined_Prediction,Combined_Actual,Combined_Insight
6,2024-01-31 18:30:00,No Movement,Negative,"Opening Statement: The tone is cautious and highlights the balance of risks, suggesting a wait-and-see approach without clear signals for immediate rate cuts. | Mid-Conference: As the Chair emphasizes progress in reducing inflation, there may be optimism among investors that a rate cut could happen sooner than expected. | Closing Remarks: Reiterating the need for caution prevents strong market moves, as uncertainty about future rate cuts persists."
7,2024-01-31 18:30:00,Negative,Negative,"Opening Statement: The emphasis on elevated inflation and a cautious economic outlook may trigger concern in the markets. | Mid-Conference: Interpretations of moderated job gains without immediate policy changes lead to stabilization in market reactions. | Closing Remarks: If projections about future rate cuts appear more optimistic, this can drive a positive shift in sentiment."
8,2024-01-31 18:30:00,Negative,Negative,"Opening Statement: A statement regarding elevated inflation suggests sustained economic challenges, negatively affecting investor sentiment initially. | Mid-Conference: Consistency in economic goals and moderate language on inflation lead to a neutral market reaction as investors digest the information. | Closing Remarks: Any hints of possible future rate cuts can spark investor optimism, contributing to positive movements in the market."
9,2024-01-31 18:30:00,Negative,Negative,"Opening Statement: Initial caution regarding inflation indicates a tight monetary policy will remain, leading to a bearish market sentiment. | Mid-Conference: Lack of immediate actionable information or rate changes results in markets holding steady without significant fluctuations. | Closing Remarks: Clarification that cuts may come later in the year could alleviate some concerns about inflation and stimulate positive market reactions."
10,2024-01-31 18:30:00,No Movement,Negative,"Opening Statement: Balanced commentary on economic risks leads to an initial stable reaction from the markets as thereâ€™s no direct guidance on rate changes. | Mid-Conference: The sentiment shifts as potential signals of future cuts emerge, prompting positive investor expectations. | Closing Remarks: Reflections on inflation risks and need for caution can lead to sell-offs, as markets reassess the near-term outlook."
11,2024-03-20 18:30:00,No Prediction,Negative,No Insight
12,2024-03-20 18:30:00,No Prediction,Negative,No Insight
13,2024-03-20 18:30:00,No Prediction,Negative,No Insight
14,2024-03-20 18:30:00,No Prediction,Negative,No Insight
15,2024-03-20 18:30:00,No Prediction,Negative,No Insight
16,2024-05-01 18:30:00,No Prediction,Negative,No Insight
17,2024-05-01 18:30:00,No Prediction,Negative,No Insight
18,2024-05-01 18:30:00,No Prediction,Negative,No Insight
19,2024-05-01 18:30:00,No Prediction,Negative,No Insight
20,2024-05-01 18:30:00,No Prediction,Negative,No Insight
32,2024-09-18 18:30:00,No Prediction,Negative,No Insight
33,2024-09-18 18:30:00,No Prediction,Negative,No Insight
34,2024-09-18 18:30:00,No Prediction,Negative,No Insight
35,2024-09-18 18:30:00,No Prediction,Negative,No Insight
36,2024-09-18 18:30:00,No Prediction,Negative,No Insight
37,2024-11-07 18:30:00,No Prediction,Negative,No Insight
38,2024-11-07 18:30:00,No Prediction,Negative,No Insight
39,2024-11-07 18:30:00,No Prediction,Negative,No Insight
40,2024-11-07 18:30:00,No Prediction,Negative,No Insight
41,2024-11-07 18:30:00,No Prediction,Negative,No Insight
42,2024-12-18 18:30:00,No Prediction,Negative,No Insight
43,2024-12-18 18:30:00,No Prediction,Negative,No Insight
44,2024-12-18 18:30:00,No Prediction,Negative,No Insight
45,2024-12-18 18:30:00,No Prediction,Negative,No Insight
46,2024-12-18 18:30:00,No Prediction,Negative,No Insight
47,2024-12-18 18:30:00,No Prediction,Negative,No Insight
